{
  "type": "FeatureCollection",
  "@context": "https://raw.githubusercontent.com/LinkedPasts/linked-places/master/linkedplaces-context-v1.jsonld",
  "features": [
    { "@id": "https://pleiades.stoa.org/places/177302801",
      "type": "Feature",
      "properties":{
        "title": "Yüntdağ",
        "ccodes": ["TR"]
      },
      "when": {
        "timespans": [{"start": {"in":"1700"},"end": {"in":"2100"}}]
      },
      "names": [
        { "toponym":"Yüntdağ",
          "lang":"en",
          "citations": [
            {"label": "Müller 2010",
             "@id":"https://www.zotero.org/groups/2533/pleiades/items/itemKey/Z56TKPVC"}],
          "when": { "timespans":[{"start":{"in":"1700"}}]}
        }
      ],
      "types": [
        { "identifier": "https://pleiades.stoa.org/vocabularies/place-types/mountain",
          "label": "mountain",
          "sourceLabels": [{"label":"Mountain","lang":"en"}]
        },
        { "identifier": "https://pleiades.stoa.org/vocabularies/place-types/fort",
          "label": "fort, tower",
          "sourceLabels": [{"label":"Fort, tower","lang":"en"}]
        }
      ],
      "geometry": {
        "type": "GeometryCollection",
        "geometries": [
            { "type": "Point",
              "coordinates": [27.54,39.033814],
              "when": {"timespans":[
                {"start":{"in":"1700"},"end":{"in":"2100"}}]},
              "citations": [
                {"label": "Müller 2010",
                 "@id":"https://www.zotero.org/groups/2533/pleiades/items/itemKey/Z56TKPVC"}],
              "certainty": "certain"
            }
        ]
      },
      "relations": [
        { "relationType": "gvp:broaderPartitive",
          "relationTo": "https://pleiades.stoa.org/places/177302800",
          "label": "part of the Attalid kingdom",
          "when": {"timespans":[
            {"start":{"in":"-230"},"end":{"in":"-133"}}
          ]},
          "citations": [
            {"label": "Müller 2010",
             "@id": "https://www.zotero.org/groups/2533/pleiades/items/itemKey/Z56TKPVC"}],
          "certainty": "certain"
        }
      ],
      "descriptions": [
        { "@id": "https://pleiades.stoa.org/places/177302801",
          "value": "Modern name for an ancient phrourion in the Attalid Kingdom.",
          "lang": "en"
        }
      ]
    }
  ]
}
