id	title	title_source	title_uri	ccodes	matches	variants	types	aat_types	geowkt	geo_source
3	Afghanistan	Natural Earth	https://www.naturalearthdata.com/	AF	gn:1149361;tgn:7016612;wd:Q889	Afghānestān;Afghan;Islamic Republic of Afghanistan;Islamic State of Afghanistan;Afghanistan;Islamic Republic of;Transitional Islamic State of Afghanistan;The;Afghanistan;Afghanistan	Country	300387506;300128207	POLYGON((60.4867777910001 29.3866053260001,60.4867777910001 38.4736734020001,74.8923067630001 38.4736734020001,74.8923067630001 29.3866053260001,60.4867777910001 29.3866053260001))	Natural Earth
199	Aland Islands	Natural Earth	https://www.naturalearthdata.com/	AX			Country	300387506;300128207	POLYGON((19.5131942070001 59.9044863950001,19.5131942070001 60.4807803410001,21.0966903000001 60.4807803410001,21.0966903000001 59.9044863950001,19.5131942070001 59.9044863950001))	Natural Earth
5	Albania	Natural Earth	https://www.naturalearthdata.com/	AL	gn:783754;tgn:7006417;wd:Q222	Shqipëria;Albania;Republic of;Republic of Albania;Albanian;Albania;Albania	Country	300387506;300128207	POLYGON((19.2720325110001 39.637013245,19.2720325110001 42.6548135380001,21.0366793210001 42.6548135380001,21.0366793210001 39.637013245,19.2720325110001 39.637013245))	Natural Earth
49	Algeria	Natural Earth	https://www.naturalearthdata.com/	DZ	gn:2589581;tgn:7016752;wd:Q262	Al-Jazā'ir;Algeria;People's Democratic Republic of Algeria;Democratic and Popular Republic of Algeria;Algerian	Country	300387506;300128207	POLYGON((-8.68238521299992 18.9755612180001,-8.68238521299992 37.0939395200001,11.9688607170001 37.0939395200001,11.9688607170001 18.9755612180001,-8.68238521299992 18.9755612180001))	Natural Earth
200	American Samoa	Natural Earth	https://www.naturalearthdata.com/	AS			Country	300387506;300128207	POLYGON((-171.086537239 -14.5328915339999,-171.086537239 -11.0513648419999,-168.160471158 -11.0513648419999,-168.160471158 -14.5328915339999,-171.086537239 -14.5328915339999))	Natural Earth
1	Andorra	Natural Earth	https://www.naturalearthdata.com/	AD	gn:3041565;tgn:1000061;wd:Q228	Andorra;Andorra;Principality of Andorra;Andorran;Valleys of Andorra;Andorra;Andorra	Country	300387506;300128207	POLYGON((1.4064563390001 42.4286774700001,1.4064563390001 42.649361674,1.76509078000015 42.649361674,1.76509078000015 42.4286774700001,1.4064563390001 42.4286774700001))	Natural Earth
7	Angola	Natural Earth	https://www.naturalearthdata.com/	AO	gn:3351879;tgn:1000149;wd:Q916	Angola;Angola;Angola;Angola;Angola;Angola;Angolan;Republic of Angola	Country	300387506;300128207	POLYGON((11.6693941430001 -18.0314047239998,11.6693941430001 -4.39120371499996,24.0617143150001 -4.39120371499996,24.0617143150001 -18.0314047239998,11.6693941430001 -18.0314047239998))	Natural Earth
201	Anguilla	Natural Earth	https://www.naturalearthdata.com/	AI			Country	300387506;300128207	POLYGON((-63.4288223949999 18.1690941430001,-63.4288223949999 18.6012637390001,-62.9726456369999 18.6012637390001,-62.9726456369999 18.1690941430001,-63.4288223949999 18.1690941430001))	Natural Earth
202	Antarctica	Natural Earth	https://www.naturalearthdata.com/	AQ			Country	300387506;300128207	POLYGON((-180 -90,-180 -60.516208592,180 -60.516208592,180 -90,-180 -90))	Natural Earth
4	Antigua and Barbuda	Natural Earth	https://www.naturalearthdata.com/	AG	gn:3576396;tgn:1000009;wd:Q781	Antigua and Barbuda;Antigua and Barbuda;Antiguan Barbudan	Country	300387506;300128207	POLYGON((-61.8941544259999 16.9892438820001,-61.8941544259999 17.7276878930001,-61.6675919259999 17.7276878930001,-61.6675919259999 16.9892438820001,-61.8941544259999 16.9892438820001))	Natural Earth
8	Argentina	Natural Earth	https://www.naturalearthdata.com/	AR	gn:3865483;tgn:7006477;wd:Q414	Argentina;Argentine;Argentina;Argentina;Argentine Republic	Country	300387506;300128207	POLYGON((-73.5880358489999 -55.0520158829998,-73.5880358489999 -21.7869377639999,-53.6615518799999 -21.7869377639999,-53.6615518799999 -55.0520158829998,-73.5880358489999 -55.0520158829998))	Natural Earth
6	Armenia	Natural Earth	https://www.naturalearthdata.com/	AM	gn:174982;tgn:7006651;wd:Q399	Hayastan;Republic of Armenia;Armenia;Armenia;Armenian	Country	300387506;300128207	POLYGON((43.4362939860001 38.8637012740001,43.4362939860001 41.2904523730002,46.6026123460001 41.2904523730002,46.6026123460001 38.8637012740001,43.4362939860001 38.8637012740001))	Natural Earth
203	Aruba	Natural Earth	https://www.naturalearthdata.com/	AW			Country	300387506;300128207	POLYGON((-70.0624080069999 12.417669989,-70.0624080069999 12.6321475280001,-69.8768204419999 12.6321475280001,-69.8768204419999 12.417669989,-70.0624080069999 12.417669989))	Natural Earth
10	Australia	Natural Earth	https://www.naturalearthdata.com/	AU	gn:2077456;tgn:7000490;wd:Q408	Australia;Australia;Australian;Australia	Country	300387506;300128207	POLYGON((112.919444207 -54.750420831,112.919444207 -9.24016692499987,159.106455925 -9.24016692499987,159.106455925 -54.750420831,112.919444207 -54.750420831))	Natural Earth
9	Austria	Natural Earth	https://www.naturalearthdata.com/	AT	gn:2782113;tgn:1000062;wd:Q40	Österreich;Republic of Austria;Austria;Austria;Austrian	Country	300387506;300128207	POLYGON((9.52115482500011 46.3786430870001,9.52115482500011 49.0097744750001,17.1483378500001 49.0097744750001,17.1483378500001 46.3786430870001,9.52115482500011 46.3786430870001))	Natural Earth
11	Azerbaijan	Natural Earth	https://www.naturalearthdata.com/	AZ	gn:587116;tgn:7006646;wd:Q227	Azǝrbaycan;Republic of Azerbaijan;Azerbaijani;Azerbaijani Republic;Azerbaijan	Country	300387506;300128207	POLYGON((44.7745585530002 38.392644755,44.7745585530002 41.8904415900002,50.6257430350001 41.8904415900002,50.6257430350001 38.392644755,44.7745585530002 38.392644755))	Natural Earth
24	Bahamas	Natural Earth	https://www.naturalearthdata.com/	BS	gn:3572887;tgn:7005332;wd:Q778	Bahamas;Bahamas;Bahamas;The Commonwealth of the Bahamas;Bahamas;The;Bahamas;Bahamas;The Bahamas;Bahama Islands;Bahamian;Commonwealth of the Bahamas	Country	300387506;300128207	POLYGON((-79.5943497389999 20.9123989090001,-79.5943497389999 26.9284121770001,-72.7461645169999 26.9284121770001,-72.7461645169999 20.9123989090001,-79.5943497389999 20.9123989090001))	Natural Earth
18	Bahrain	Natural Earth	https://www.naturalearthdata.com/	BH	gn:290291;tgn:7016770;wd:Q398	Al Baḥrayn;Bahraini;Bahrain	Country	300387506;300128207	POLYGON((50.448903842 25.7895368510001,50.448903842 26.242580471,50.6456598131816 26.242580471,50.6456598131816 25.7895368510001,50.448903842 25.7895368510001))	Natural Earth
14	Bangladesh	Natural Earth	https://www.naturalearthdata.com/	BD	gn:1210997;tgn:1000105;wd:Q902	Bāṁlādesh;People's Republic of Bangladesh;Bangladesh;Bangladesh;Bangladesh;Bangladesh;Bangladeshi	Country	300387506;300128207	POLYGON((88.0217895920001 20.738714911,88.0217895920001 26.6235440070001,92.6428511970002 26.6235440070001,92.6428511970002 20.738714911,88.0217895920001 20.738714911))	Natural Earth
13	Barbados	Natural Earth	https://www.naturalearthdata.com/	BB	gn:3374084;tgn:7004770;wd:Q244	Barbados;Barbados;Barbadian;Barbados	Country	300387506;300128207	POLYGON((-59.6542048819999 13.051174221,-59.6542048819999 13.344549872,-59.4269099599999 13.344549872,-59.4269099599999 13.051174221,-59.6542048819999 13.051174221))	Natural Earth
27	Belarus	Natural Earth	https://www.naturalearthdata.com/	BY	gn:630336;tgn:7006657;wd:Q184	Bieloruś;Republic of Belarus;Belorussia;White Russia;Byelorussian;Belorussian;Belarus;Belarus;Belarusian	Country	300387506;300128207	POLYGON((23.165644979 51.2351683560001,23.165644979 56.1568059290001,32.7195321040001 56.1568059290001,32.7195321040001 51.2351683560001,23.165644979 51.2351683560001))	Natural Earth
15	Belgium	Natural Earth	https://www.naturalearthdata.com/	BE	gn:2802361;tgn:1000063;wd:Q31	België;Southern Netherlands;Belgium;Kingdom of;Belgian;Belgium;Kingdom of Belgium	Country	300387506;300128207	POLYGON((2.52179992769047 49.495222881,2.52179992769047 51.4962376910001,6.37452518700007 51.4962376910001,6.37452518700007 49.495222881,2.52179992769047 49.495222881))	Natural Earth
28	Belize	Natural Earth	https://www.naturalearthdata.com/	BZ	gn:3582678;tgn:7005346;wd:Q242	Belize;Belizean;Belize;Belize	Country	300387506;300128207	POLYGON((-89.2365122079999 15.8796519990001,-89.2365122079999 18.4907587690001,-87.7830704419999 18.4907587690001,-87.7830704419999 15.8796519990001,-89.2365122079999 15.8796519990001))	Natural Earth
20	Benin	Natural Earth	https://www.naturalearthdata.com/	BJ	gn:2395170;tgn:1000160;wd:Q962	Bénin;Benin;People's Republic of;Benin;Benin;People's Republic of Benin;Benin;Republic of;Beninese;Republic of Benin	Country	300387506;300128207	POLYGON((0.759880818000113 6.21389923179639,0.759880818000113 12.3992442830001,3.83741906700001 12.3992442830001,3.83741906700001 6.21389923179639,0.759880818000113 6.21389923179639))	Natural Earth
204	Bermuda	Natural Earth	https://www.naturalearthdata.com/	BM			Country	300387506;300128207	POLYGON((-64.8859939889704 32.2480773815958,-64.8859939889704 32.3886579450001,-64.6476307056406 32.3886579450001,-64.6476307056406 32.2480773815958,-64.8859939889704 32.2480773815958))	Natural Earth
25	Bhutan	Natural Earth	https://www.naturalearthdata.com/	BT	gn:1252634;tgn:7014831;wd:Q917	Druk Yul;Bhutan;Bhutanese;Kingdom of Bhutan	Country	300387506;300128207	POLYGON((88.7300667720001 26.6961493940002,88.7300667720001 28.3583989307863,92.0887764890001 28.3583989307863,92.0887764890001 26.6961493940002,88.7300667720001 26.6961493940002))	Natural Earth
22	Bolivia	Natural Earth	https://www.naturalearthdata.com/	BO	gn:3923057;tgn:1000046;wd:Q750	Bolivia;Bolivia;Bolivian;Bolivia;Plurinational State of;Bolivia;Plurinational State of Bolivia	Country	300387506;300128207	POLYGON((-69.6664922699999 -22.8972575879999,-69.6664922699999 -9.67982147199997,-57.4656607669999 -9.67982147199997,-57.4656607669999 -22.8972575879999,-69.6664922699999 -22.8972575879999))	Natural Earth
205	Bonaire, Saint Eustatius and Saba 	Natural Earth	https://www.naturalearthdata.com/	BQ			Country	300387506;300128207		Natural Earth
12	Bosnia and Herzegovina	Natural Earth	https://www.naturalearthdata.com/	BA	gn:3277605;tgn:7006664;wd:Q225	Bosna i Hercegovina;Bosnia and Hercegovina;Bosnia-Herzegovina;Republic of Bosnia and Herzegovina;Bosnia and Herzegovina;Bosnian Herzegovinian	Country	300387506;300128207	POLYGON((15.7160738520001 42.5592121380002,15.7160738520001 45.2845238250002,19.618884725 45.2845238250002,19.618884725 42.5592121380002,15.7160738520001 42.5592121380002))	Natural Earth
26	Botswana	Natural Earth	https://www.naturalearthdata.com/	BW	gn:933860;tgn:1000150;wd:Q963	Botswana;Botswana;Botswana;Botswana;Republic of Botswana;Botswana;Botswana;Batswana	Country	300387506;300128207	POLYGON((19.9783459880001 -26.891794128,19.9783459880001 -17.7818075559999,29.3500736890001 -17.7818075559999,29.3500736890001 -26.891794128,19.9783459880001 -26.891794128))	Natural Earth
206	Bouvet Island	Natural Earth	https://www.naturalearthdata.com/	BV			Country	300387506;300128207		Natural Earth
23	Brazil	Natural Earth	https://www.naturalearthdata.com/	BR	gn:3469034;tgn:1000047;wd:Q155	Brasil;Federative Republic of Brazil;Brazilian;Brazil	Country	300387506;300128207	POLYGON((-74.018474691 -33.742280375,-74.018474691 5.26722483300009,-28.8770645819999 5.26722483300009,-28.8770645819999 -33.742280375,-74.018474691 -33.742280375))	Natural Earth
207	British Indian Ocean Territory	Natural Earth	https://www.naturalearthdata.com/	IO			Country	300387506;300128207	POLYGON((71.260996941 -7.43222421699987,71.260996941 -5.22698333099991,72.4946395190001 -5.22698333099991,72.4946395190001 -7.43222421699987,71.260996941 -7.43222421699987))	Natural Earth
208	British Virgin Islands	Natural Earth	https://www.naturalearthdata.com/	VG			Country	300387506;300128207	POLYGON((-64.7739965489999 18.3346621770001,-64.7739965489999 18.74624258,-64.2707413399999 18.74624258,-64.2707413399999 18.3346621770001,-64.7739965489999 18.3346621770001))	Natural Earth
21	Brunei	Natural Earth	https://www.naturalearthdata.com/	BN	gn:1820814;tgn:1000107;wd:Q921	Brunei;Brunei;Brunei Darussalam;Brunei;Brunei Darussalam;Brunei Darussalam;State of Brunei Darussalam;Bruneian;Islamic Sultanate of Brunei;State of Brunei;Abode of Peace;Brunei	Country	300387506;300128207	POLYGON((113.99878991 4.01668101000011,113.99878991 5.05719635600018,115.360741008 5.05719635600018,115.360741008 4.01668101000011,113.99878991 4.01668101000011))	Natural Earth
17	Bulgaria	Natural Earth	https://www.naturalearthdata.com/	BG	gn:732800;tgn:7006413;wd:Q219	Bulgaria;Republic of Bulgaria;People's Republic of Bulgaria;Bulgaria;Bulgaria;Bulgarian	Country	300387506;300128207	POLYGON((22.3450232340001 41.2381041470001,22.3450232340001 44.228434539,28.6035262380001 44.228434539,28.6035262380001 41.2381041470001,22.3450232340001 41.2381041470001))	Natural Earth
16	Burkina Faso	Natural Earth	https://www.naturalearthdata.com/	BF	gn:2361809;tgn:1000208;wd:Q965	Burkina;Burkina Fasso;Burkina Faso;Burkina Faso;Burkina Faso;Burkinabe	Country	300387506;300128207	POLYGON((-5.52257808499988 9.39188262900012,-5.52257808499988 15.0799075320001,2.39016890400009 15.0799075320001,2.39016890400009 9.39188262900012,-5.52257808499988 9.39188262900012))	Natural Earth
19	Burundi	Natural Earth	https://www.naturalearthdata.com/	BI	gn:433561;tgn:7001630;wd:Q967	Burundi;Burundi;Burundian;Burundi;Burundi;Burundi;Burundi	Country	300387506;300128207	POLYGON((28.9868917230001 -4.46334401499993,28.9868917230001 -2.30306243899987,30.8339624430001 -2.30306243899987,30.8339624430001 -4.46334401499993,28.9868917230001 -4.46334401499993))	Natural Earth
89	Cambodia	Natural Earth	https://www.naturalearthdata.com/	KH	gn:1831722;tgn:1000109;wd:Q424	Kâmpŭchéa;Cambodian;Cambodia	Country	300387506;300128207	POLYGON((102.313423706 10.4157736200001,102.313423706 14.7045816050001,107.610516399 14.7045816050001,107.610516399 10.4157736200001,102.313423706 10.4157736200001))	Natural Earth
34	Cameroon	Natural Earth	https://www.naturalearthdata.com/	CM	gn:2233387;tgn:1000153;wd:Q1009	Cameroun;Cameroon;Cameroonian;Republic of Cameroon	Country	300387506;300128207	POLYGON((8.50505618600005 1.65455129000014,8.50505618600005 13.081140646,16.2077234290001 13.081140646,16.2077234290001 1.65455129000014,8.50505618600005 1.65455129000014))	Natural Earth
29	Canada	Natural Earth	https://www.naturalearthdata.com/	CA	gn:6251999;tgn:7005685;wd:Q16	Canada;Canada;Canadian;Canada	Country	300387506;300128207	POLYGON((-141.005548637109 41.6690855920001,-141.005548637109 83.1165225280001,-52.616607226 83.1165225280001,-52.616607226 41.6690855920001,-141.005548637109 41.6690855920001))	Natural Earth
40	Cape Verde	Natural Earth	https://www.naturalearthdata.com/	CV	gn:3374766;tgn:7001632;wd:Q1011	Cabo Verde;Republic of Cape Verde;Cape Verde;Cape Verdean	Country	300387506;300128207	POLYGON((-25.3604223299999 14.8039411480001,-25.3604223299999 17.196600653,-22.6665746739999 17.196600653,-22.6665746739999 14.8039411480001,-25.3604223299999 14.8039411480001))	Natural Earth
209	Cayman Islands	Natural Earth	https://www.naturalearthdata.com/	KY			Country	300387506;300128207	POLYGON((-81.4165420209999 19.2638636150001,-81.4165420209999 19.7576308370001,-79.7266426919999 19.7576308370001,-79.7266426919999 19.2638636150001,-81.4165420209999 19.2638636150001))	Natural Earth
30	Central African Republic	Natural Earth	https://www.naturalearthdata.com/	CF	gn:239880;tgn:1000155;wd:Q929	République centrafricaine;Central African;Central African Republic	Country	300387506;300128207	POLYGON((14.3872660720001 2.23645375600006,14.3872660720001 11.0008283490001,27.4413013100001 11.0008283490001,27.4413013100001 2.23645375600006,14.3872660720001 2.23645375600006))	Natural Earth
171	Chad	Natural Earth	https://www.naturalearthdata.com/	TD	gn:2434508;tgn:1000156;wd:Q657	Tchād;Chadian;Chad;Chad	Country	300387506;300128207	POLYGON((13.4491837970001 7.45556671100012,13.4491837970001 23.4447199510001,23.9844063720001 23.4447199510001,23.9844063720001 7.45556671100012,13.4491837970001 7.45556671100012))	Natural Earth
33	Chile	Natural Earth	https://www.naturalearthdata.com/	CL	gn:3895114;tgn:1000049;wd:Q298	Chile;Chile;Chilean;Chile;Chile;Republic of Chile;Chile;Republic of	Country	300387506;300128207	POLYGON((-109.453724739 -55.9185042229998,-109.453724739 -17.506588198,-66.4208064439999 -17.506588198,-66.4208064439999 -55.9185042229998,-109.453724739 -55.9185042229998))	Natural Earth
35	China	Natural Earth	https://www.naturalearthdata.com/	CN	gn:1814991;tgn:1000111;wd:Q148	Zhongguo;China;People's Republic of China;Chinese;China;People's Republic of;China	Country	300387506;300128207	POLYGON((73.6022563070002 15.775376695,73.6022563070002 53.569444479,134.772579387 53.569444479,134.772579387 15.775376695,73.6022563070002 15.775376695))	Natural Earth
210	Christmas Island	Natural Earth	https://www.naturalearthdata.com/	CX			Country	300387506;300128207		Natural Earth
211	Cocos Islands	Natural Earth	https://www.naturalearthdata.com/	CC			Country	300387506;300128207		Natural Earth
36	Colombia	Natural Earth	https://www.naturalearthdata.com/	CO	gn:3686110;tgn:1000050;wd:Q739	Colombia;Republic of Colombia;Colombia;Colombia;Colombian	Country	300387506;300128207	POLYGON((-81.72370358 -4.23648447699985,-81.72370358 13.5783552100001,-66.8750605879999 13.5783552100001,-66.8750605879999 -4.23648447699985,-81.72370358 -4.23648447699985))	Natural Earth
91	Comoros	Natural Earth	https://www.naturalearthdata.com/	KM	gn:921929;tgn:1000157;wd:Q970	Comores;Comoro Islands;Comoros;Federal and Islamic Republic of the Comoros;Comorian;Union of the Comoros	Country	300387506;300128207	POLYGON((43.2132267590002 -12.3803036439999,43.2132267590002 -11.3612606749999,44.5290633470001 -11.3612606749999,44.5290633470001 -12.3803036439999,43.2132267590002 -12.3803036439999))	Natural Earth
212	Cook Islands	Natural Earth	https://www.naturalearthdata.com/	CK			Country	300387506;300128207	POLYGON((-165.824533658 -21.9388973939999,-165.824533658 -8.94670989399988,-157.312814908 -8.94670989399988,-157.312814908 -21.9388973939999,-165.824533658 -21.9388973939999))	Natural Earth
37	Costa Rica	Natural Earth	https://www.naturalearthdata.com/	CR	gn:3624060;tgn:7005364;wd:Q800	Costa Rica;Costa Rica;Costa Rica;Costa Rica;Republic of Costa Rica;Costa Rican	Country	300387506;300128207	POLYGON((-87.1176651679999 5.51508209800012,-87.1176651679999 11.2099370320002,-82.5628368739999 11.2099370320002,-82.5628368739999 5.51508209800012,-87.1176651679999 5.51508209800012))	Natural Earth
73	Croatia	Natural Earth	https://www.naturalearthdata.com/	HR	gn:3202326;tgn:7006663;wd:Q224	Hrvatska;Croatia;Croatian;Croat;Republic of Croatia	Country	300387506;300128207	POLYGON((13.5014754570001 42.4163272160001,13.5014754570001 46.5469790650001,19.4078381750001 46.5469790650001,19.4078381750001 42.4163272160001,13.5014754570001 42.4163272160001))	Natural Earth
39	Cuba	Natural Earth	https://www.naturalearthdata.com/	CU	gn:3562981;tgn:7004624;wd:Q241	Cuba;Cuba;Republic of;Cuba;Republic of Cuba;Cuba;Cuban;Cuba	Country	300387506;300128207	POLYGON((-84.9496150379999 19.827826239,-84.9496150379999 23.2655703800001,-74.1328832669999 23.2655703800001,-74.1328832669999 19.827826239,-84.9496150379999 19.827826239))	Natural Earth
213	Curacao	Natural Earth	https://www.naturalearthdata.com/	CW			Country	300387506;300128207	POLYGON((-69.1717423169999 12.041327216,-69.1717423169999 12.3915062520001,-68.7397354809999 12.3915062520001,-68.7397354809999 12.041327216,-69.1717423169999 12.041327216))	Natural Earth
41	Cyprus	Natural Earth	https://www.naturalearthdata.com/	CY	gn:146669;tgn:1000112;wd:Q229	Kypriakí Dimokratía;Cyprus;Republic of;Republic of Cyprus;Cyprus;Cypriot	Country	300387506;300128207	POLYGON((32.2717391290002 34.6250194300001,32.2717391290002 35.1870821302553,34.0991317070001 35.1870821302553,34.0991317070001 34.6250194300001,32.2717391290002 34.6250194300001))	Natural Earth
42	Czech Republic	Natural Earth	https://www.naturalearthdata.com/	CZ	gn:3077311;tgn:1001780;wd:Q213	Česko;Czech;Czech Republic	Country	300387506;300128207	POLYGON((12.076140991 48.557915752,12.076140991 51.0400123090001,18.8374337160001 51.0400123090001,18.8374337160001 48.557915752,12.076140991 48.557915752))	Natural Earth
43	Democratic Republic of the Congo	Natural Earth	https://www.naturalearthdata.com/	CD	gn:203312;tgn:1000159;wd:Q974	Congo, République Démocratique du;Congo Free State;Congo;Democratic Republic of the;Democratic Republic of the Congo;Republic of Zaire;Congolese;Congo (Democratic Republic);Belgian Congo;Indendent State of the Congo	Country	300387506;300128207	POLYGON((12.2105548693531 -13.4583505239999,12.2105548693531 5.37528025300014,31.2804468180001 5.37528025300014,31.2804468180001 -13.4583505239999,12.2105548693531 -13.4583505239999))	Natural Earth
46	Denmark	Natural Earth	https://www.naturalearthdata.com/	DK	gn:2623032;tgn:1000066;wd:Q35	Danmark;Danish;Kingdom of Denmark;Denmark	Country	300387506;300128207	POLYGON((8.09400475400008 54.5685895850001,8.09400475400008 57.7511660830001,15.1513778000001 57.7511660830001,15.1513778000001 54.5685895850001,8.09400475400008 54.5685895850001))	Natural Earth
45	Djibouti	Natural Earth	https://www.naturalearthdata.com/	DJ	gn:223816;tgn:7001644;wd:Q977	Jībūtī;Djibouti;Djibouti;Djiboutian;Djibouti	Country	300387506;300128207	POLYGON((41.7491101480001 10.9298249310001,41.7491101480001 12.7079125020001,43.4187117850001 12.7079125020001,43.4187117850001 10.9298249310001,41.7491101480001 10.9298249310001))	Natural Earth
47	Dominica	Natural Earth	https://www.naturalearthdata.com/	DM	gn:3575830;tgn:7004641;wd:Q784	Dominica;Dominica;Dominican;Dominica	Country	300387506;300128207	POLYGON((-61.4889216789999 15.201808986,-61.4889216789999 15.6338565120001,-61.2492569649999 15.6338565120001,-61.2492569649999 15.201808986,-61.4889216789999 15.201808986))	Natural Earth
48	Dominican Republic	Natural Earth	https://www.naturalearthdata.com/	DO	gn:3508796;tgn:7005388;wd:Q786	República Dominicana;Dominican;Dominican Republic	Country	300387506;300128207	POLYGON((-72.0098376059999 17.5455589860001,-72.0098376059999 19.9376895200001,-68.3286026679999 19.9376895200001,-68.3286026679999 17.5455589860001,-72.0098376059999 17.5455589860001))	Natural Earth
175	East Timor	Natural Earth	https://www.naturalearthdata.com/	TL	gn:1966436;tgn:7003703;wd:Q574	Timor-Leste;Timor-Leste;Timor-Leste;East Timor;Timor-Leste;Timor-Leste;Democratic Republic of Timor-Leste	Country	300387506;300128207	POLYGON((124.03003991 -9.5012277219999,124.03003991 -8.13502369599983,127.313243035 -8.13502369599983,127.313243035 -9.5012277219999,124.03003991 -9.5012277219999))	Natural Earth
50	Ecuador	Natural Earth	https://www.naturalearthdata.com/	EC	gn:3658394;tgn:1000051;wd:Q736	Ecuador;Ecuador;Ecuador;Republic of Ecuador;Ecuador;Republic of;Ecuadorian	Country	300387506;300128207	POLYGON((-92.0115860669999 -5.01137257899988,-92.0115860669999 1.66437409100016,-75.2272639579999 1.66437409100016,-75.2272639579999 -5.01137257899988,-92.0115860669999 -5.01137257899988))	Natural Earth
52	Egypt	Natural Earth	https://www.naturalearthdata.com/	EG	gn:357994;tgn:7016833;wd:Q79	Miṣr;Egypt;Arab Republic of;Egypt;Arab Republic of Egypt;Egyptian	Country	300387506;300128207	POLYGON((24.6883427320001 21.9943692020002,24.6883427320001 31.6564802100001,36.8991805350002 31.6564802100001,36.8991805350002 21.9943692020002,24.6883427320001 21.9943692020002))	Natural Earth
167	El Salvador	Natural Earth	https://www.naturalearthdata.com/	SV	gn:3585968;tgn:7005441;wd:Q792	El Salvador;El Salvador;Salvadoran;El Salvador;Salvador;El;Salvador;El;Salvador;El;El Salvador	Country	300387506;300128207	POLYGON((-90.1147790119999 13.1586367860001,-90.1147790119999 14.4453726200001,-87.6931935119999 14.4453726200001,-87.6931935119999 13.1586367860001,-90.1147790119999 13.1586367860001))	Natural Earth
67	Equatorial Guinea	Natural Earth	https://www.naturalearthdata.com/	GQ	gn:2309096;tgn:1000161;wd:Q983	Guinea Ecuatorial;Republic of Equatorial Guinea;Equatorial Guinea;Republic of;Equatorial Guinean;Equatorial Guinea	Country	300387506;300128207	POLYGON((5.61198978000007 -1.47568124799986,5.61198978000007 3.77240631700012,11.3363411870001 3.77240631700012,11.3363411870001 -1.47568124799986,5.61198978000007 -1.47568124799986))	Natural Earth
53	Eritrea	Natural Earth	https://www.naturalearthdata.com/	ER	gn:338010;tgn:7001658;wd:Q986	Iritriyā;Eritrea;Eritrea;Eritrean;State of Eritrea;Eritrea;State of	Country	300387506;300128207	POLYGON((36.4236470950001 12.3600218710001,36.4236470950001 18.004828192,43.1238712900001 18.004828192,43.1238712900001 12.3600218710001,36.4236470950001 12.3600218710001))	Natural Earth
51	Estonia	Natural Earth	https://www.naturalearthdata.com/	EE	gn:453733;tgn:7006540;wd:Q191	Eesti;Estonia;Republic of Estonia;Estonian;Estonia	Country	300387506;300128207	POLYGON((21.8323673840001 57.5158185830001,21.8323673840001 59.6708845070001,28.1864754640001 59.6708845070001,28.1864754640001 57.5158185830001,21.8323673840001 57.5158185830001))	Natural Earth
55	Ethiopia	Natural Earth	https://www.naturalearthdata.com/	ET	gn:337996;tgn:7000489;wd:Q115	Ityop'iya;Ethiopia;Abyssinia;Ethiopian;Federal Democratic Republic of Ethiopia	Country	300387506;300128207	POLYGON((32.9897998450001 3.40333343500009,32.9897998450001 14.8795321660001,47.9791691490001 14.8795321660001,47.9791691490001 3.40333343500009,32.9897998450001 3.40333343500009))	Natural Earth
214	Falkland Islands	Natural Earth	https://www.naturalearthdata.com/	FK			Country	300387506;300128207	POLYGON((-61.3181860019999 -52.4065227259999,-61.3181860019999 -51.0277645809999,-57.7342830069999 -51.0277645809999,-57.7342830069999 -52.4065227259999,-61.3181860019999 -52.4065227259999))	Natural Earth
215	Faroe Islands	Natural Earth	https://www.naturalearthdata.com/	FO			Country	300387506;300128207	POLYGON((-7.64415442599994 61.3941104190001,-7.64415442599994 62.3989118510001,-6.27578691299991 62.3989118510001,-6.27578691299991 61.3941104190001,-7.64415442599994 61.3941104190001))	Natural Earth
57	Fiji	Natural Earth	https://www.naturalearthdata.com/	FJ	gn:2205218;tgn:7000493;wd:Q712	Fiji;Fiji;Fiji;Republic of Fiji;Fijian	Country	300387506;300128207	POLYGON((-180 -21.7111141909999,-180 -12.4752743469999,180 -12.4752743469999,180 -21.7111141909999,-180 -21.7111141909999))	Natural Earth
56	Finland	Natural Earth	https://www.naturalearthdata.com/	FI	gn:660013;tgn:1000069;wd:Q33	Suomi;Republic of Finland;Finland;Finland;Republic of;Finnish;Finland	Country	300387506;300128207	POLYGON((20.62316451 59.811224677,20.62316451 70.0753103640001,31.5695247800001 70.0753103640001,31.5695247800001 59.811224677,20.62316451 59.811224677))	Natural Earth
59	France	Natural Earth	https://www.naturalearthdata.com/	FR	gn:3017382;tgn:1000070;wd:Q142	France;French;France;France;French Republic	Country	300387506;300128207	POLYGON((-61.7978409499999 -21.3707821589999,-61.7978409499999 51.0875408834804,55.8545028000001 51.0875408834804,55.8545028000001 -21.3707821589999,-61.7978409499999 -21.3707821589999))	Natural Earth
216	French Guiana	Natural Earth	https://www.naturalearthdata.com/	GF			Country	300387506;300128207		Natural Earth
217	French Polynesia	Natural Earth	https://www.naturalearthdata.com/	PF			Country	300387506;300128207	POLYGON((-154.536976692 -27.6412085919999,-154.536976692 -7.95012786299982,-134.942982551 -7.95012786299982,-134.942982551 -27.6412085919999,-154.536976692 -27.6412085919999))	Natural Earth
218	French Southern Territories	Natural Earth	https://www.naturalearthdata.com/	TF			Country	300387506;300128207	POLYGON((39.7282820970001 -49.7216122379999,39.7282820970001 -11.5506324199998,77.5852156910001 -11.5506324199998,77.5852156910001 -49.7216122379999,39.7282820970001 -49.7216122379999))	Natural Earth
60	Gabon	Natural Earth	https://www.naturalearthdata.com/	GA	gn:2400553;tgn:1000164;wd:Q1000	Gabon;Gabonese;Gabon;Gabon;Gabonese Republic	Country	300387506;300128207	POLYGON((8.69556725400014 -3.93685618990304,8.69556725400014 2.32249501600009,14.4989905190001 2.32249501600009,14.4989905190001 -3.93685618990304,8.69556725400014 -3.93685618990304))	Natural Earth
65	Gambia	Natural Earth	https://www.naturalearthdata.com/	GM	gn:2413451;tgn:1000165;wd:Q1005	Gambia, The;Gambia;Republic of the Gambia;The Gambia;Gambian;Gambia;The;Gambia	Country	300387506;300128207	POLYGON((-16.8297013009999 13.0650088560001,-16.8297013009999 13.8199844360001,-13.8187125249999 13.8199844360001,-13.8187125249999 13.0650088560001,-16.8297013009999 13.0650088560001))	Natural Earth
63	Georgia	Natural Earth	https://www.naturalearthdata.com/	GE	gn:614540;tgn:7006653;wd:Q230	Sakartvelo;Georgia;Georgian;Georgia;Republic of Georgia;Georgia;Republic of	Country	300387506;300128207	POLYGON((39.9859763554231 41.0441108200001,39.9859763554231 43.5758425900001,46.6948031010001 43.5758425900001,46.6948031010001 41.0441108200001,39.9859763554231 41.0441108200001))	Natural Earth
44	Germany	Natural Earth	https://www.naturalearthdata.com/	DE	gn:2921044;tgn:7000084;wd:Q183	Deutschland;German;Germany;Federal Republic of Germany	Country	300387506;300128207	POLYGON((5.85248986800011 47.271120911,5.85248986800011 55.065334377,15.0220593670001 55.065334377,15.0220593670001 47.271120911,5.85248986800011 47.271120911))	Natural Earth
64	Ghana	Natural Earth	https://www.naturalearthdata.com/	GH	gn:2300660;tgn:1000166;wd:Q117	Ghana;Gold Coast Colony;Ghana;Ghana;Ghana;Republic of Ghana;Ghanaian	Country	300387506;300128207	POLYGON((-3.26250931799999 4.7371279970001,-3.26250931799999 11.162937317,1.18796838400004 11.162937317,1.18796838400004 4.7371279970001,-3.26250931799999 4.7371279970001))	Natural Earth
219	Gibraltar	Natural Earth	https://www.naturalearthdata.com/	GI			Country	300387506;300128207	POLYGON((-5.35838675876349 36.1105003930001,-5.35838675876349 36.1411196720123,-5.33877348311998 36.1411196720123,-5.33877348311998 36.1105003930001,-5.35838675876349 36.1105003930001))	Natural Earth
68	Greece	Natural Earth	https://www.naturalearthdata.com/	GR	gn:390903;tgn:1000074;wd:Q41	Ellás;Greece;Greek;Hellenic Republic	Country	300387506;300128207	POLYGON((19.6264754570001 34.8150088560001,19.6264754570001 41.7504759730001,28.2397567070001 41.7504759730001,28.2397567070001 34.8150088560001,19.6264754570001 34.8150088560001))	Natural Earth
220	Greenland	Natural Earth	https://www.naturalearthdata.com/	GL			Country	300387506;300128207	POLYGON((-73.0572403639999 59.792629299,-73.0572403639999 83.6341006530001,-11.3768204419999 83.6341006530001,-11.3768204419999 59.792629299,-73.0572403639999 59.792629299))	Natural Earth
62	Grenada	Natural Earth	https://www.naturalearthdata.com/	GD	gn:3580239;tgn:7004771;wd:Q769	Grenada;Granadian;Grenada	Country	300387506;300128207	POLYGON((-61.7905167309999 12.0028343770001,-61.7905167309999 12.5297305360001,-61.4216202459999 12.5297305360001,-61.4216202459999 12.0028343770001,-61.7905167309999 12.0028343770001))	Natural Earth
221	Guadeloupe	Natural Earth	https://www.naturalearthdata.com/	GP			Country	300387506;300128207		Natural Earth
222	Guam	Natural Earth	https://www.naturalearthdata.com/	GU			Country	300387506;300128207	POLYGON((144.624196811 13.2410342470001,144.624196811 13.6541201840001,144.95215905 13.6541201840001,144.95215905 13.2410342470001,144.624196811 13.2410342470001))	Natural Earth
69	Guatemala	Natural Earth	https://www.naturalearthdata.com/	GT	gn:3595528;tgn:7005493;wd:Q774	Guatemala;Guatemala;Guatemala;Republic of Guatemala;Guatemala;Guatemalan	Country	300387506;300128207	POLYGON((-92.2462338320825 13.7289030478944,-92.2462338320825 17.8160195930001,-88.2209221351212 17.8160195930001,-88.2209221351212 13.7289030478944,-92.2462338320825 13.7289030478944))	Natural Earth
223	Guernsey	Natural Earth	https://www.naturalearthdata.com/	GG			Country	300387506;300128207	POLYGON((-2.67345130099989 49.4115664730001,-2.67345130099989 49.731390692,-2.17031816299993 49.731390692,-2.17031816299993 49.4115664730001,-2.67345130099989 49.4115664730001))	Natural Earth
66	Guinea	Natural Earth	https://www.naturalearthdata.com/	GN	gn:2420477;tgn:1000167;wd:Q1006	Guinée;Republic of Guinea;Guinean;Guinea;Guinea	Country	300387506;300128207	POLYGON((-15.0811254549999 7.19020823200012,-15.0811254549999 12.673387757,-7.66244746999996 12.673387757,-7.66244746999996 7.19020823200012,-15.0811254549999 7.19020823200012))	Natural Earth
70	Guinea-Bissau	Natural Earth	https://www.naturalearthdata.com/	GW	gn:2372248;tgn:1000183;wd:Q1007	Guiné-Bissau;Guinea-Bissauan;Guinea-Bissau;Guinea-Bissau;Guinean (Guinea-Bissauan);Republic of Guinea-Bissau	Country	300387506;300128207	POLYGON((-16.7284367771401 10.9276390650001,-16.7284367771401 12.6794339000001,-13.6607118329999 12.6794339000001,-13.6607118329999 10.9276390650001,-16.7284367771401 10.9276390650001))	Natural Earth
71	Guyana	Natural Earth	https://www.naturalearthdata.com/	GY	gn:3378535;tgn:1000054;wd:Q734	Guyana;Guyanese;Guyana;Cooperative Republic of Guyana;Guyana;Guyana;Co-operative Republic of Guyana	Country	300387506;300128207	POLYGON((-61.396712809 1.18582021100013,-61.396712809 8.55801015800012,-56.4818190109999 8.55801015800012,-56.4818190109999 1.18582021100013,-61.396712809 1.18582021100013))	Natural Earth
74	Haiti	Natural Earth	https://www.naturalearthdata.com/	HT	gn:3723988;tgn:7005502;wd:Q790	Haïti;Haiti;Republic of Haiti;Haitian	Country	300387506;300128207	POLYGON((-74.4891658189999 18.0259463560001,-74.4891658189999 20.08978913,-71.6391108809999 20.08978913,-71.6391108809999 18.0259463560001,-74.4891658189999 18.0259463560001))	Natural Earth
224	Heard Island and McDonald Islands	Natural Earth	https://www.naturalearthdata.com/	HM			Country	300387506;300128207	POLYGON((73.236013217 -53.1925595029999,73.236013217 -52.9616024719999,73.8121850920001 -52.9616024719999,73.8121850920001 -53.1925595029999,73.236013217 -53.1925595029999))	Natural Earth
72	Honduras	Natural Earth	https://www.naturalearthdata.com/	HN	gn:3608932;tgn:7005554;wd:Q783	Honduras;Honduras;Honduran;Honduras;Honduras;Republic of Honduras	Country	300387506;300128207	POLYGON((-89.3637912599999 12.9797773240001,-89.3637912599999 17.4186465520001,-83.1304418609999 17.4186465520001,-83.1304418609999 12.9797773240001,-89.3637912599999 12.9797773240001))	Natural Earth
225	Hong Kong	Natural Earth	https://www.naturalearthdata.com/	HK			Country	300387506;300128207	POLYGON((113.837331576 22.177069403,113.837331576 22.5639460320001,114.40129642 22.5639460320001,114.40129642 22.177069403,113.837331576 22.177069403))	Natural Earth
75	Hungary	Natural Earth	https://www.naturalearthdata.com/	HU	gn:719819;tgn:7006278;wd:Q28	Magyarország;Hungarian People's Republic;Hungarian;Republic of Hungary;Hungary	Country	300387506;300128207	POLYGON((16.0940352780001 45.741343486,16.0940352780001 48.5692328900001,22.8776005460001 48.5692328900001,22.8776005460001 45.741343486,16.0940352780001 45.741343486))	Natural Earth
82	Iceland	Natural Earth	https://www.naturalearthdata.com/	IS	gn:2629691;tgn:1000077;wd:Q189	Ísland;Iceland;Icelandic;Republic of Iceland	Country	300387506;300128207	POLYGON((-24.539906379 63.3967145850001,-24.539906379 66.564154364,-13.5029190749999 66.564154364,-13.5029190749999 63.3967145850001,-24.539906379 63.3967145850001))	Natural Earth
79	India	Natural Earth	https://www.naturalearthdata.com/	IN	gn:1269750;tgn:7000198;wd:Q668	Bhārat;India;Indian;India;Republic of India	Country	300387506;300128207	POLYGON((68.1434025400001 6.74555084800015,68.1434025400001 35.4954055790001,97.3622530520001 35.4954055790001,97.3622530520001 6.74555084800015,68.1434025400001 6.74555084800015))	Natural Earth
76	Indonesia	Natural Earth	https://www.naturalearthdata.com/	ID	gn:1643084;tgn:1000116;wd:Q252	Indonesia;Indonesia;Indonesian;Indonesia;Indonesia;Indonesia	Country	300387506;300128207	POLYGON((95.0127059250001 -10.9226213519998,95.0127059250001 5.9101016300001,140.977626994 5.9101016300001,140.977626994 -10.9226213519998,95.0127059250001 -10.9226213519998))	Natural Earth
81	Iran	Natural Earth	https://www.naturalearthdata.com/	IR	gn:130758;tgn:7000231;wd:Q794	Īrān;Iran;Iran;Iranian	Country	300387506;300128207	POLYGON((44.0148633220001 25.0594081650001,44.0148633220001 39.7715269980001,63.3196281330001 39.7715269980001,63.3196281330001 25.0594081650001,44.0148633220001 25.0594081650001))	Natural Earth
80	Iraq	Natural Earth	https://www.naturalearthdata.com/	IQ	gn:99237;tgn:1000118;wd:Q796	Al-ʻIrāq;Iraq;Iraq;Iraq;Republic of Iraq;Iraqi	Country	300387506;300128207	POLYGON((38.7745113520001 29.063136699,38.7745113520001 37.3754975380001,48.5592554050001 37.3754975380001,48.5592554050001 29.063136699,38.7745113520001 29.063136699))	Natural Earth
77	Ireland	Natural Earth	https://www.naturalearthdata.com/	IE	gn:2963597;tgn:1000078;wd:Q27	Ireland;Ireland;Republic of Ireland;Irish;Irish Republic;EI	Country	300387506;300128207	POLYGON((-10.4781794909999 51.4457054710001,-10.4781794909999 55.386379299,-5.99351966099994 55.386379299,-5.99351966099994 51.4457054710001,-10.4781794909999 51.4457054710001))	Natural Earth
226	Isle of Man	Natural Earth	https://www.naturalearthdata.com/	IM			Country	300387506;300128207	POLYGON((-4.79015051999994 54.0569522160001,-4.79015051999994 54.4190127620001,-4.3119197259999 54.4190127620001,-4.3119197259999 54.0569522160001,-4.79015051999994 54.0569522160001))	Natural Earth
78	Israel	Natural Earth	https://www.naturalearthdata.com/	IL	gn:294640;tgn:1000119;wd:Q801	Yisra'el;Israel;Israel;Israeli	Country	300387506;300128207	POLYGON((34.2483508570001 29.4896914730001,34.2483508570001 33.4067217000001,35.8880725500002 33.4067217000001,35.8880725500002 29.4896914730001,34.2483508570001 29.4896914730001))	Natural Earth
83	Italy	Natural Earth	https://www.naturalearthdata.com/	IT	gn:3175395;tgn:1000080;wd:Q38	Italia;Italian;Italy	Country	300387506;300128207	POLYGON((6.60272831200007 35.489243882,6.60272831200007 47.085214945,18.5174259770001 47.085214945,18.5174259770001 35.489243882,6.60272831200007 35.489243882))	Natural Earth
32	Ivory Coast	Natural Earth	https://www.naturalearthdata.com/	CI	gn:2287781;tgn:1000168;wd:Q1008	Côte d'Ivoire;Côte d'Ivoire;Côte d'Ivoire;Republic of Côte d'Ivoire;Côte d'Ivoire;Ivorian	Country	300387506;300128207	POLYGON((-8.61871984899992 4.34406159100013,-8.61871984899992 10.7264781700001,-2.50632808399993 10.7264781700001,-2.50632808399993 4.34406159100013,-8.61871984899992 4.34406159100013))	Natural Earth
84	Jamaica	Natural Earth	https://www.naturalearthdata.com/	JM	gn:3489940;tgn:7005556;wd:Q766	Jamaica;Jamaica;Jamaican;Jamaica	Country	300387506;300128207	POLYGON((-78.3746638659999 17.70319245,-78.3746638659999 18.525091864,-76.1879776679999 18.525091864,-76.1879776679999 17.70319245,-78.3746638659999 17.70319245))	Natural Earth
86	Japan	Natural Earth	https://www.naturalearthdata.com/	JP	gn:1861060;tgn:1000120;wd:Q17	Nihon;Japanese;Japan	Country	300387506;300128207	POLYGON((122.938161655 24.212103583,122.938161655 45.5204125020001,153.985606316 45.5204125020001,153.985606316 24.212103583,122.938161655 24.212103583))	Natural Earth
227	Jersey	Natural Earth	https://www.naturalearthdata.com/	JE			Country	300387506;300128207	POLYGON((-2.24201412699992 49.1713320980001,-2.24201412699992 49.267035223,-2.00829016799992 49.267035223,-2.00829016799992 49.1713320980001,-2.24201412699992 49.1713320980001))	Natural Earth
85	Jordan	Natural Earth	https://www.naturalearthdata.com/	JO	gn:248816;tgn:1000121;wd:Q810	Al Urdun;Hashemite Kingdom of Jordan;Jordan;Jordanian	Country	300387506;300128207	POLYGON((34.949385116681 29.189950664,34.949385116681 33.3716850790001,39.2919991450001 33.3716850790001,39.2919991450001 29.189950664,34.949385116681 29.189950664))	Natural Earth
96	Kazakhstan	Natural Earth	https://www.naturalearthdata.com/	KZ	gn:1522867;tgn:7014786;wd:Q232	Qazaqstan;Kasak;Republic of Kazakhstan;Kazakhstan;Kazakh;Kazakhstan	Country	300387506;300128207	POLYGON((46.478278849 40.5846556600001,46.478278849 55.4345502730001,87.3237960210001 55.4345502730001,87.3237960210001 40.5846556600001,46.478278849 40.5846556600001))	Natural Earth
87	Kenya	Natural Earth	https://www.naturalearthdata.com/	KE	gn:192950;tgn:1000169;wd:Q114	Kenya;Kenya;Kenya;Kenya;Republic of Kenya;Kenya	Country	300387506;300128207	POLYGON((33.8904683840002 -4.67750416499996,33.8904683840002 5.03037582260775,41.8850191650001 5.03037582260775,41.8850191650001 -4.67750416499996,33.8904683840002 -4.67750416499996))	Natural Earth
90	Kiribati	Natural Earth	https://www.naturalearthdata.com/	KI	gn:4030945;tgn:1000217;wd:Q710	Kiribati;Republic of Kiribati;Kiribati;Kiribati;Kiribati;Kiribati;Repubic of;I-Kiribati;Kiribati	Country	300387506;300128207	POLYGON((-174.543405728 -11.4611141909999,-174.543405728 4.7230899110001,176.850922071 4.7230899110001,176.850922071 -11.4611141909999,-174.543405728 -11.4611141909999))	Natural Earth
228	Kosovo	Natural Earth	https://www.naturalearthdata.com/	XK			Country	300387506;300128207	POLYGON((20.024751424 41.8440103160001,20.024751424 43.2630709840001,21.7727584220001 43.2630709840001,21.7727584220001 41.8440103160001,20.024751424 41.8440103160001))	Natural Earth
95	Kuwait	Natural Earth	https://www.naturalearthdata.com/	KW	gn:285570;tgn:1000124;wd:Q817	Al Kuwayt;Kuwaiti;Koweit;Kuwait;Kuwait;State of Kuwait;Kuweit	Country	300387506;300128207	POLYGON((46.5324357500001 28.5335049440001,46.5324357500001 30.0982156370001,48.4327812271219 30.0982156370001,48.4327812271219 28.5335049440001,46.5324357500001 28.5335049440001))	Natural Earth
88	Kyrgyzstan	Natural Earth	https://www.naturalearthdata.com/	KG	gn:1527747;tgn:7006655;wd:Q813	Kyrgyzstan;Kyrgyz Republic;Kyrgyzstan;Kyrgyz;Kyrgyzstan;Kyrgyzstan	Country	300387506;300128207	POLYGON((69.2262960200001 39.1892369590001,69.2262960200001 43.2617015580001,80.2575606690001 43.2617015580001,80.2575606690001 39.1892369590001,69.2262960200001 39.1892369590001))	Natural Earth
97	Laos	Natural Earth	https://www.naturalearthdata.com/	LA	gn:1655842;tgn:1000125;wd:Q819	Sathalanalat Paxathipatai Paxaxôn Lao;Lao People's Democratic Republic;Laos;Laotian	Country	300387506;300128207	POLYGON((100.097073202 13.9154566450001,100.097073202 22.4960440070001,107.66436324 22.4960440070001,107.66436324 13.9154566450001,100.097073202 13.9154566450001))	Natural Earth
106	Latvia	Natural Earth	https://www.naturalearthdata.com/	LV	gn:458258;tgn:7006541;wd:Q211	Latvija;Latvia;Latvian;Republic of Latvia	Country	300387506;300128207	POLYGON((20.9685978520001 55.6669908660001,20.9685978520001 58.0751384490001,28.2172746170001 58.0751384490001,28.2172746170001 55.6669908660001,20.9685978520001 55.6669908660001))	Natural Earth
98	Lebanon	Natural Earth	https://www.naturalearthdata.com/	LB	gn:272103;tgn:1000126;wd:Q822	Lubnān;Lebanese Republic;Lebanon;Republic of Lebanon	Country	300387506;300128207	POLYGON((35.0996199880001 33.055580342,35.0996199880001 34.687547913,36.604101196 34.687547913,36.604101196 33.055580342,35.0996199880001 33.055580342))	Natural Earth
103	Lesotho	Natural Earth	https://www.naturalearthdata.com/	LS	gn:932692;tgn:7001660;wd:Q1013	Lesotho;Lesotho;Kingdom of Lesotho;Basotho;Lesotho;Lesotho;Lesotho	Country	300387506;300128207	POLYGON((27.0021549890001 -30.6587993359999,27.0021549890001 -28.570761414,29.4359082440001 -28.570761414,29.4359082440001 -30.6587993359999,27.0021549890001 -30.6587993359999))	Natural Earth
102	Liberia	Natural Earth	https://www.naturalearthdata.com/	LR	gn:2275384;tgn:1000171;wd:Q1014	Liberia;Liberian;Republic of Liberia;Liberia;Liberia	Country	300387506;300128207	POLYGON((-11.4761856759999 4.34723541900004,-11.4761856759999 8.56539560900008,-7.38411820499996 8.56539560900008,-7.38411820499996 4.34723541900004,-11.4761856759999 4.34723541900004))	Natural Earth
107	Libya	Natural Earth	https://www.naturalearthdata.com/	LY	gn:2215636;tgn:1000172;wd:Q1016	Lībiyā;Great Socialist People's Libyan Arab Jamahiriya;The Great Socialist People's Libyan Arab Jamahiriya;Libya;Libyan Arab Jamahiriya;Socialist Peoples' Libyan Arab Republic;State of Libya;Libyan	Country	300387506;300128207	POLYGON((9.28654382300007 19.496123759,9.28654382300007 33.1812253147281,25.1562606130001 33.1812253147281,25.1562606130001 19.496123759,9.28654382300007 19.496123759))	Natural Earth
100	Liechtenstein	Natural Earth	https://www.naturalearthdata.com/	LI	gn:3042058;tgn:7003515;wd:Q347	Liechtenstein;Liechtenstein;Principality of Liechtenstein;Liechtensteiner;Liechtenstein;Liechtenstein;Liechtenstein	Country	300387506;300128207	POLYGON((9.47588627100012 47.0524004120001,9.47588627100012 47.2628010050001,9.61572269700011 47.2628010050001,9.61572269700011 47.0524004120001,9.47588627100012 47.0524004120001))	Natural Earth
104	Lithuania	Natural Earth	https://www.naturalearthdata.com/	LT	gn:597427;tgn:7006542;wd:Q37	Lietuva;Lithuanian;Republic of Lithuania;Lithuania	Country	300387506;300128207	POLYGON((20.9245687005624 53.8868411260001,20.9245687005624 56.4426024370001,26.8007202560001 56.4426024370001,26.8007202560001 53.8868411260001,20.9245687005624 53.8868411260001))	Natural Earth
105	Luxembourg	Natural Earth	https://www.naturalearthdata.com/	LU	gn:2960313;tgn:7003514;wd:Q32	Luxembourg;Luxembourg;Luxembourg;Grand Duchy of Luxembourg	Country	300387506;300128207	POLYGON((5.71492720500004 49.441324362,5.71492720500004 50.1749746710001,6.50257938700014 50.1749746710001,6.50257938700014 49.441324362,5.71492720500004 49.441324362))	Natural Earth
229	Macao	Natural Earth	https://www.naturalearthdata.com/	MO			Country	300387506;300128207	POLYGON((113.519867384 22.1053734400001,113.519867384 22.220770575,113.587494337 22.220770575,113.587494337 22.1053734400001,113.519867384 22.1053734400001))	Natural Earth
114	Macedonia	Natural Earth	https://www.naturalearthdata.com/	MK	gn:718075;tgn:7006667;wd:Q221	Makedonija, Republika;Macedonia;the former Yugoslav Republic of;Former Yugoslavian Republic of Macedonia;Macedonian;Macedonia (modern);The former Yugoslav Republic of Macedonia;Republic of Macedonia	Country	300387506;300128207	POLYGON((20.4441573490001 40.8493940230001,20.4441573490001 42.3703347790001,23.0095821530001 42.3703347790001,23.0095821530001 40.8493940230001,20.4441573490001 40.8493940230001))	Natural Earth
112	Madagascar	Natural Earth	https://www.naturalearthdata.com/	MG	gn:1062947;tgn:1000173;wd:Q1019	Madagasikara;Madagascar;Malagasy;Republic of Madagascar;Madagascar;Madagascar	Country	300387506;300128207	POLYGON((43.2229110040001 -25.5985653629998,43.2229110040001 -11.9436174459998,50.5039168630001 -11.9436174459998,50.5039168630001 -25.5985653629998,43.2229110040001 -25.5985653629998))	Natural Earth
123	Malawi	Natural Earth	https://www.naturalearthdata.com/	MW	gn:927384;tgn:7000726;wd:Q1020	Malaŵi;Malawi;Malawi;Malawi;Republic of Malawi;Malawian	Country	300387506;300128207	POLYGON((32.6633081470002 -17.1353353879999,32.6633081470002 -9.38123504699981,35.9042989500001 -9.38123504699981,35.9042989500001 -17.1353353879999,32.6633081470002 -17.1353353879999))	Natural Earth
125	Malaysia	Natural Earth	https://www.naturalearthdata.com/	MY	gn:1733045;tgn:1000128;wd:Q833	Malaysia;Malaysia;Malaysian;Malaysia	Country	300387506;300128207	POLYGON((99.6452280600001 0.851370341000077,99.6452280600001 7.35578034100014,119.278086785 7.35578034100014,119.278086785 0.851370341000077,99.6452280600001 0.851370341000077))	Natural Earth
122	Maldives	Natural Earth	https://www.naturalearthdata.com/	MV	gn:1282028;tgn:7000331;wd:Q826	Dhivehi Raajje;Maldives;Republic of Maldives;Maldives;Maldivian	Country	300387506;300128207	POLYGON((72.684825066 -0.688571872999901,72.684825066 7.10724518400015,73.7531844410002 7.10724518400015,73.7531844410002 -0.688571872999901,72.684825066 -0.688571872999901))	Natural Earth
115	Mali	Natural Earth	https://www.naturalearthdata.com/	ML	gn:2453866;tgn:1000175;wd:Q912	Mali;Malian;Mali;Mali;Republic of Mali	Country	300387506;300128207	POLYGON((-12.2641304119999 10.1400540170001,-12.2641304119999 24.9950645960001,4.23563765500012 24.9950645960001,4.23563765500012 10.1400540170001,-12.2641304119999 10.1400540170001))	Natural Earth
120	Malta	Natural Earth	https://www.naturalearthdata.com/	MT	gn:2562770;tgn:7005729;wd:Q233	Malta;Malta;Malta;Malta;Republic of Malta;Malta;Republic of;Maltese;Malta	Country	300387506;300128207	POLYGON((14.1836043630001 35.801214911,14.1836043630001 36.0755882830001,14.5671492850001 36.0755882830001,14.5671492850001 35.801214911,14.1836043630001 35.801214911))	Natural Earth
113	Marshall Islands	Natural Earth	https://www.naturalearthdata.com/	MH	gn:2080185;tgn:7016730;wd:Q709	Marshall Islands;Marshall Islands;Republic of the Marshall Islands;Marshallese	Country	300387506;300128207	POLYGON((165.282237175 4.57379791900016,165.282237175 14.6105003930001,172.029795769 14.6105003930001,172.029795769 4.57379791900016,165.282237175 4.57379791900016))	Natural Earth
230	Martinique	Natural Earth	https://www.naturalearthdata.com/	MQ			Country	300387506;300128207		Natural Earth
118	Mauritania	Natural Earth	https://www.naturalearthdata.com/	MR	gn:2378080;tgn:1000176;wd:Q1025	Mūrītānīyā;Islamic Republic of Mauritania;Mauritanian;Mauritania;Mauritania	Country	300387506;300128207	POLYGON((-17.0811748859999 14.7343989060002,-17.0811748859999 27.2854157510001,-4.8216131179999 27.2854157510001,-4.8216131179999 14.7343989060002,-17.0811748859999 14.7343989060002))	Natural Earth
121	Mauritius	Natural Earth	https://www.naturalearthdata.com/	MU	gn:934292;tgn:1000177;wd:Q1027	Mauritius;Mauritian;Republic of Mauritius;Mauritius	Country	300387506;300128207	POLYGON((56.5241805350002 -20.5173479149999,56.5241805350002 -10.3239071589999,63.493907097 -10.3239071589999,63.493907097 -20.5173479149999,56.5241805350002 -20.5173479149999))	Natural Earth
231	Mayotte	Natural Earth	https://www.naturalearthdata.com/	YT			Country	300387506;300128207		Natural Earth
124	Mexico	Natural Earth	https://www.naturalearthdata.com/	MX	gn:3996063;tgn:7005560;wd:Q96	México;United Mexican States;Mexican;Mexico	Country	300387506;300128207	POLYGON((-118.368804229 14.5462829243643,-118.368804229 32.7128364050001,-86.7005916009999 32.7128364050001,-86.7005916009999 14.5462829243643,-118.368804229 14.5462829243643))	Natural Earth
58	Micronesia	Natural Earth	https://www.naturalearthdata.com/	FM	gn:2081918;tgn:1000220;wd:Q702	Federated States of Micronesia;Micronesian;Micronesia;Micronesia;Federated States of Micronesia;Micronesia;Federated States of	Country	300387506;300128207	POLYGON((138.063812696 0.918158270000148,138.063812696 9.77558014500013,163.046560092 9.77558014500013,163.046560092 0.918158270000148,138.063812696 0.918158270000148))	Natural Earth
110	Moldova	Natural Earth	https://www.naturalearthdata.com/	MD	gn:617790;tgn:7006656;wd:Q217	Moldova;Moldova;Moldova;Moldova;Republic of Moldova;Moldavia;Moldovan;Moldova	Country	300387506;300128207	POLYGON((26.617889038 45.461773987,26.617889038 48.4860338340001,30.1315763750001 48.4860338340001,30.1315763750001 45.461773987,26.617889038 45.461773987))	Natural Earth
109	Monaco	Natural Earth	https://www.naturalearthdata.com/	MC	gn:2993457;tgn:7005758;wd:Q235	Monaco;Monaco;Monaco;Monacan;Monegasque;Principality of Monaco;Monaco	Country	300387506;300128207	POLYGON((7.36575020700008 43.7179690770001,7.36575020700008 43.763505554,7.4374540320631 43.763505554,7.4374540320631 43.7179690770001,7.36575020700008 43.7179690770001))	Natural Earth
117	Mongolia	Natural Earth	https://www.naturalearthdata.com/	MN	gn:2029969;tgn:7029379;wd:Q711	Mongol;Mongolia;Mongolia;Mongolian	Country	300387506;300128207	POLYGON((87.7357088630001 41.586144918,87.7357088630001 52.1295840460001,119.907026815 52.1295840460001,119.907026815 41.586144918,87.7357088630001 41.586144918))	Natural Earth
111	Montenegro	Natural Earth	https://www.naturalearthdata.com/	ME	gn:3194884;tgn:7015657;wd:Q236	Crna Gora;Montenegro;Montenegrin;Montenegro	Country	300387506;300128207	POLYGON((18.4335307210001 41.852362372,18.4335307210001 43.5478856410001,20.3551705320001 43.5478856410001,20.3551705320001 41.852362372,18.4335307210001 41.852362372))	Natural Earth
119	Montserrat	Natural Earth	https://www.naturalearthdata.com/	MS	gn:3578097;tgn:7004786;wd:Q13353	Montserrat;Montserrat	Country	300387506;300128207	POLYGON((-62.2301326159999 16.6753604190001,-62.2301326159999 16.8193220070001,-62.1405330069999 16.8193220070001,-62.1405330069999 16.6753604190001,-62.2301326159999 16.6753604190001))	Natural Earth
108	Morocco	Natural Earth	https://www.naturalearthdata.com/	MA	gn:2542007;tgn:1000179;wd:Q1028	Al Maghrib;Kingdom of Morocco;Morocco;Moroccan	Country	300387506;300128207	POLYGON((-17.0137433253452 21.4199710975817,-17.0137433253452 35.926519149,-1.03199947099995 35.926519149,-1.03199947099995 21.4199710975817,-17.0137433253452 21.4199710975817))	Natural Earth
126	Mozambique	Natural Earth	https://www.naturalearthdata.com/	MZ	gn:1036973;tgn:1000180;wd:Q1029	Moçambique;Republic of Mozambique;Mozambican;Mozambique;Mozambique;Mozambique	Country	300387506;300128207	POLYGON((30.2138452550002 -26.8602715039999,30.2138452550002 -10.4690080709999,40.8479923840001 -10.4690080709999,40.8479923840001 -26.8602715039999,30.2138452550002 -26.8602715039999))	Natural Earth
116	Myanmar	Natural Earth	https://www.naturalearthdata.com/	MM	gn:1327865;tgn:1000108;wd:Q836	Myanma;Myanmar;Union of Myanmar;Myanmar;Burmese;Myanmar	Country	300387506;300128207	POLYGON((92.1749727790001 9.79071686400013,92.1749727790001 28.5384658810001,101.173855021 28.5384658810001,101.173855021 9.79071686400013,92.1749727790001 9.79071686400013))	Natural Earth
127	Namibia	Natural Earth	https://www.naturalearthdata.com/	NA	gn:3355338;tgn:1000198;wd:Q1030	Namibia;Republic of Namibia;Namibia;Namibian;Namibia	Country	300387506;300128207	POLYGON((11.7176212900001 -28.9593681839999,11.7176212900001 -16.9510572309999,25.2597807210001 -16.9510572309999,25.2597807210001 -28.9593681839999,11.7176212900001 -28.9593681839999))	Natural Earth
134	Nauru	Natural Earth	https://www.naturalearthdata.com/	NR	gn:2110425;tgn:7006158;wd:Q697	Naoero;Republic of Nauru;Nauru;Nauru;Nauruan;Nauru	Country	300387506;300128207	POLYGON((166.906993035 -0.551853122999901,166.906993035 -0.490411065999922,166.958262566 -0.490411065999922,166.958262566 -0.551853122999901,166.906993035 -0.551853122999901))	Natural Earth
133	Nepal	Natural Earth	https://www.naturalearthdata.com/	NP	gn:1282988;tgn:1000132;wd:Q837	Nepāl;Federal Democratic Republic of Nepal;Nepalese;Nepal;Nepal	Country	300387506;300128207	POLYGON((80.03028772 26.3437678020001,80.03028772 30.4169041950001,88.1690674240001 30.4169041950001,88.1690674240001 26.3437678020001,80.03028772 26.3437678020001))	Natural Earth
131	Netherlands	Natural Earth	https://www.naturalearthdata.com/	NL	gn:2750405;tgn:7016845;wd:Q55	Nederland;The Netherlands;Kingdom of the Netherlands;Netherlands;Netherlands;Kingdom of the;Holland;Holland;Netherlands;The	Country	300387506;300128207	POLYGON((-68.4173884759999 12.0220401060001,-68.4173884759999 53.5580915390001,7.19850590000004 53.5580915390001,7.19850590000004 12.0220401060001,-68.4173884759999 12.0220401060001))	Natural Earth
232	Netherlands Antilles	Natural Earth	https://www.naturalearthdata.com/	AN			Country	300387506;300128207		Natural Earth
233	New Caledonia	Natural Earth	https://www.naturalearthdata.com/	NC			Country	300387506;300128207	POLYGON((163.615733269 -22.6706682269998,163.615733269 -19.623711847,171.343765287 -19.623711847,171.343765287 -22.6706682269998,163.615733269 -22.6706682269998))	Natural Earth
135	New Zealand	Natural Earth	https://www.naturalearthdata.com/	NZ	gn:2186224;tgn:1000226;wd:Q664	New Zealand;New Zealand;New Zealander	Country	300387506;300128207	POLYGON((-177.9579972 -52.600313271,-177.9579972 -8.54322682099986,178.843923373 -8.54322682099986,178.843923373 -52.600313271,-177.9579972 -52.600313271))	Natural Earth
130	Nicaragua	Natural Earth	https://www.naturalearthdata.com/	NI	gn:3617476;tgn:7005562;wd:Q811	Nicaragua;Nicaraguan;Nicaragua;Republic of Nicaragua;Nicaragua;Nicaragua	Country	300387506;300128207	POLYGON((-87.6858210929999 10.7134815470002,-87.6858210929999 15.0309699500002,-82.7256973949999 15.0309699500002,-82.7256973949999 10.7134815470002,-87.6858210929999 10.7134815470002))	Natural Earth
128	Niger	Natural Earth	https://www.naturalearthdata.com/	NE	gn:2440476;tgn:1000181;wd:Q1032	Niger;Niger;Niger;Republic of the Niger;Nigerien;Republic of Niger	Country	300387506;300128207	POLYGON((0.152941121000111 11.69577301,0.152941121000111 23.5173511760001,15.9703218990001 23.5173511760001,15.9703218990001 11.69577301,0.152941121000111 11.69577301))	Natural Earth
129	Nigeria	Natural Earth	https://www.naturalearthdata.com/	NG	gn:2328926;tgn:1000182;wd:Q1033	Nigeria;Federal Republic of Nigeria;Nigeria;Nigeria;Nigerian	Country	300387506;300128207	POLYGON((2.67108199000012 4.27216217700007,2.67108199000012 13.8802908320001,14.6699361570001 13.8802908320001,14.6699361570001 4.27216217700007,2.67108199000012 4.27216217700007))	Natural Earth
234	Niue	Natural Earth	https://www.naturalearthdata.com/	NU			Country	300387506;300128207	POLYGON((-169.95042884 -19.1427548159999,-169.95042884 -18.9640438779999,-169.782907681 -18.9640438779999,-169.782907681 -19.1427548159999,-169.95042884 -19.1427548159999))	Natural Earth
235	Norfolk Island	Natural Earth	https://www.naturalearthdata.com/	NF			Country	300387506;300128207	POLYGON((167.912119988 -29.0800106749999,167.912119988 -28.9974911439999,167.996348504 -28.9974911439999,167.996348504 -29.0800106749999,167.912119988 -29.0800106749999))	Natural Earth
93	North Korea	Natural Earth	https://www.naturalearthdata.com/	KP	gn:1873107;tgn:1000122;wd:Q423	Chosŏn;Korea;North;North Korea;Korea;Democratic People's Republic of;Democratic People's Republic of Korea;North Korean	Country	300387506;300128207	POLYGON((124.211315989 37.6756045590001,124.211315989 43.010269878,130.699961785 43.010269878,130.699961785 37.6756045590001,124.211315989 37.6756045590001))	Natural Earth
236	Northern Mariana Islands	Natural Earth	https://www.naturalearthdata.com/	MP			Country	300387506;300128207	POLYGON((144.902110222 14.1106631530001,144.902110222 20.5554059920001,145.868907097 20.5554059920001,145.868907097 14.1106631530001,144.902110222 14.1106631530001))	Natural Earth
132	Norway	Natural Earth	https://www.naturalearthdata.com/	NO	gn:3144096;tgn:1000088;wd:Q20	Norge;Kingdom of Norway;Norwegian;Norway	Country	300387506;300128207	POLYGON((-9.11742102799991 -54.4624976539999,-9.11742102799991 80.7700869810001,33.6403914720001 80.7700869810001,33.6403914720001 -54.4624976539999,-9.11742102799991 -54.4624976539999))	Natural Earth
136	Oman	Natural Earth	https://www.naturalearthdata.com/	OM	gn:286963;tgn:1000131;wd:Q842	ʻUmān;Oman;Oman;Omani	Country	300387506;300128207	POLYGON((51.9786149500002 16.6424060302812,51.9786149500002 26.385972398,59.8445744150002 26.385972398,59.8445744150002 16.6424060302812,51.9786149500002 16.6424060302812))	Natural Earth
141	Pakistan	Natural Earth	https://www.naturalearthdata.com/	PK	gn:1168579;tgn:1000133;wd:Q843	Pākistān;Pakistan;Islamic Republic of;Pakistan;Pakistani;Pakistan;Islamic Republic of Pakistan	Country	300387506;300128207	POLYGON((60.8443787030001 23.6945254580001,60.8443787030001 37.0544835410001,77.0489709880002 37.0544835410001,77.0489709880002 23.6945254580001,60.8443787030001 23.6945254580001))	Natural Earth
145	Palau	Natural Earth	https://www.naturalearthdata.com/	PW	gn:1559582;tgn:7005668;wd:Q695	Belau;Republic of Belau;Republic of Palau;Pelauan;Palau;Palau	Country	300387506;300128207	POLYGON((131.131114129 2.94904205900015,131.131114129 8.09661782863144,134.727342990799 8.09661782863144,134.727342990799 2.94904205900015,131.131114129 2.94904205900015))	Natural Earth
143	Palestine	Natural Earth	https://www.naturalearthdata.com/	PS	gn:6254930;tgn:7004540;wd:Q219060	Palestine;Palestine	Country	300387506;300128207	POLYGON((34.2002694411415 31.2114489580001,34.2002694411415 32.542640076,35.5725362550001 32.542640076,35.5725362550001 31.2114489580001,34.2002694411415 31.2114489580001))	Natural Earth
137	Panama	Natural Earth	https://www.naturalearthdata.com/	PA	gn:3703430;tgn:7005565;wd:Q804	Panamá;Panama;Panama;Republic of Panama;Panamanian	Country	300387506;300128207	POLYGON((-83.053246217 7.20571523600016,-83.053246217 9.62929248000016,-77.1632698159999 9.62929248000016,-77.1632698159999 7.20571523600016,-83.053246217 7.20571523600016))	Natural Earth
139	Papua New Guinea	Natural Earth	https://www.naturalearthdata.com/	PG	gn:2088628;tgn:7006160;wd:Q691	Papua New Guinea;Papua New Guinean;Papua New Guinea;Independent State of Papua New Guinea	Country	300387506;300128207	POLYGON((140.84921106 -11.6363257789998,140.84921106 -1.34636809699988,155.96753991 -1.34636809699988,155.96753991 -11.6363257789998,140.84921106 -11.6363257789998))	Natural Earth
146	Paraguay	Natural Earth	https://www.naturalearthdata.com/	PY	gn:3437598;tgn:1000055;wd:Q733	Paraguay;Paraguayan;Republic of Paraguay;Paraguay;Paraguay;Paraguay;Paraguay	Country	300387506;300128207	POLYGON((-62.650357219 -27.5868421429999,-62.650357219 -19.2867286169999,-54.2452888589999 -19.2867286169999,-54.2452888589999 -27.5868421429999,-62.650357219 -27.5868421429999))	Natural Earth
138	Peru	Natural Earth	https://www.naturalearthdata.com/	PE	gn:3932488;tgn:1000056;wd:Q419	Perú;Peruvian;Peru;Republic of Peru	Country	300387506;300128207	POLYGON((-81.3375575289999 -18.3377462069379,-81.3375575289999 -0.0290927119998656,-68.6842524829999 -0.0290927119998656,-68.6842524829999 -18.3377462069379,-81.3375575289999 -18.3377462069379))	Natural Earth
140	Philippines	Natural Earth	https://www.naturalearthdata.com/	PH	gn:1694008;tgn:1000135;wd:Q928	Pilipinas;Republic of the Philippines;Philippine;Philippines;Philippines	Country	300387506;300128207	POLYGON((116.954925977 4.65570709800011,116.954925977 21.122381903,126.617686394 21.122381903,126.617686394 4.65570709800011,116.954925977 4.65570709800011))	Natural Earth
237	Pitcairn Islands	Natural Earth	https://www.naturalearthdata.com/	PN			Country	300387506;300128207	POLYGON((-130.753081835 -25.0770809879998,-130.753081835 -23.9244117169999,-124.778065559 -23.9244117169999,-124.778065559 -25.0770809879998,-130.753081835 -25.0770809879998))	Natural Earth
142	Poland	Natural Earth	https://www.naturalearthdata.com/	PL	gn:798544;tgn:7006366;wd:Q36	Polska;Republic of Poland;Polish;Polish People's Republic;Poland	Country	300387506;300128207	POLYGON((14.123922973 48.9940131640001,14.123922973 54.8383242860001,24.1431563720001 54.8383242860001,24.1431563720001 48.9940131640001,14.123922973 48.9940131640001))	Natural Earth
144	Portugal	Natural Earth	https://www.naturalearthdata.com/	PT	gn:2264397;tgn:1000090;wd:Q45	Portugal;Portuguese;Portugal;Portugal;Portugal;Portugal;Portuguese Republic;Republic of Portugal	Country	300387506;300128207	POLYGON((-31.2849014959999 30.0292422550001,-31.2849014959999 42.15362966,-6.20594722499993 42.15362966,-6.20594722499993 30.0292422550001,-31.2849014959999 30.0292422550001))	Natural Earth
238	Puerto Rico	Natural Earth	https://www.naturalearthdata.com/	PR			Country	300387506;300128207	POLYGON((-67.937814908 17.9229190120002,-67.937814908 18.522772528,-65.2446182929999 18.522772528,-65.2446182929999 17.9229190120002,-67.937814908 17.9229190120002))	Natural Earth
147	Qaṭar	Natural Earth	https://www.naturalearthdata.com/	QA	gn:289688;tgn:1000136;wd:Q846	Qaṭar;Qatar;State of Qatar;Qatari;Qatar;Qatar	Country	300387506;300128207	POLYGON((50.750987175 24.5598715210001,50.750987175 26.16010163,51.6165470710001 26.16010163,51.6165470710001 24.5598715210001,50.750987175 24.5598715210001))	Natural Earth
31	Republic of the Congo	Natural Earth	https://www.naturalearthdata.com/	CG	gn:2260494;tgn:1000158;wd:Q971	Congo;Congo Republic;Congo (Republic of);Congo (Republic of);Congo;Republic of the;Congolese;Republic of the Congo;Congo (Republic of)	Country	300387506;300128207	POLYGON((11.1140163040629 -5.01963083599986,11.1140163040629 3.70827606200005,18.64240686 3.70827606200005,18.64240686 -5.01963083599986,11.1140163040629 -5.01963083599986))	Natural Earth
239	Reunion	Natural Earth	https://www.naturalearthdata.com/	RE			Country	300387506;300128207		Natural Earth
148	Romania	Natural Earth	https://www.naturalearthdata.com/	RO	gn:798549;tgn:1000091;wd:Q218	România;Romanian;Roumania;Rumania;Romania;Rumania	Country	300387506;300128207	POLYGON((20.2428259690001 43.6500499480001,20.2428259690001 48.2748322560001,29.6995548840001 48.2748322560001,29.6995548840001 43.6500499480001,20.2428259690001 43.6500499480001))	Natural Earth
150	Russia	Natural Earth	https://www.naturalearthdata.com/	RU	gn:2017370;tgn:7002435;wd:Q159	Rossija;Russian Federation;Russia	Country	300387506;300128207	POLYGON((19.6095483730001 41.1926805620002,19.6095483730001 81.8587100280001,180 81.8587100280001,180 41.1926805620002,19.6095483730001 41.1926805620002))	Natural Earth
151	Rwanda	Natural Earth	https://www.naturalearthdata.com/	RW	gn:49518;tgn:7001682;wd:Q1037	Rwanda;Republic of Rwanda;Rwandese;Rwanda;Rwanda;Rwanda;Rwanda;Rwandan	Country	300387506;300128207	POLYGON((28.8572355550001 -2.82685475699989,28.8572355550001 -1.05869394899987,30.8878092850001 -1.05869394899987,30.8878092850001 -2.82685475699989,28.8572355550001 -2.82685475699989))	Natural Earth
240	Saint Barthelemy	Natural Earth	https://www.naturalearthdata.com/	BL			Country	300387506;300128207	POLYGON((-62.8673396479999 17.8819847680001,-62.8673396479999 17.9291445980001,-62.7916560539999 17.9291445980001,-62.7916560539999 17.8819847680001,-62.8673396479999 17.8819847680001))	Natural Earth
241	Saint Helena	Natural Earth	https://www.naturalearthdata.com/	SH			Country	300387506;300128207	POLYGON((-14.4177139959999 -40.3978817689998,-14.4177139959999 -7.87786223799984,-5.65038001199986 -7.87786223799984,-5.65038001199986 -40.3978817689998,-14.4177139959999 -40.3978817689998))	Natural Earth
92	Saint Kitts and Nevis	Natural Earth	https://www.naturalearthdata.com/	KN	gn:3575174;tgn:7005605;wd:Q763	Saint Kitts and Nevis;Saint Kitts and Nevis;Federation of Saint Kitts and Nevis;Federation of Saint Christopher and Nevis;Kittian Nevisian	Country	300387506;300128207	POLYGON((-62.8610733709999 17.1005313170001,-62.8610733709999 17.4158389340001,-62.5367732409999 17.4158389340001,-62.5367732409999 17.1005313170001,-62.8610733709999 17.1005313170001))	Natural Earth
99	Saint Lucia	Natural Earth	https://www.naturalearthdata.com/	LC	gn:3576468;tgn:7004772;wd:Q760	Saint Lucia;Saint Lucian;Saint Lucia	Country	300387506;300128207	POLYGON((-61.078521288 13.7146670590001,-61.078521288 14.1118838560001,-60.8829646479999 14.1118838560001,-60.8829646479999 13.7146670590001,-61.078521288 13.7146670590001))	Natural Earth
242	Saint Martin	Natural Earth	https://www.naturalearthdata.com/	MF			Country	300387506;300128207	POLYGON((-63.1468399729999 18.0333914721357,-63.1468399729999 18.1221377620001,-63.0107315749999 18.1221377620001,-63.0107315749999 18.0333914721357,-63.1468399729999 18.0333914721357))	Natural Earth
243	Saint Pierre and Miquelon	Natural Earth	https://www.naturalearthdata.com/	PM			Country	300387506;300128207	POLYGON((-56.396595832 46.7527529970001,-56.396595832 47.1412621110001,-56.1447647779999 47.1412621110001,-56.1447647779999 46.7527529970001,-56.396595832 46.7527529970001))	Natural Earth
190	Saint Vincent and the Grenadines	Natural Earth	https://www.naturalearthdata.com/	VC	gn:3577815;tgn:7004773;wd:Q757	Saint Vincent and the Grenadines;Saint Vincentian;Saint Vincent and the Grenadines	Country	300387506;300128207	POLYGON((-61.4598282539999 12.5851504580001,-61.4598282539999 13.3807640650001,-61.1239314439999 13.3807640650001,-61.1239314439999 12.5851504580001,-61.4598282539999 12.5851504580001))	Natural Earth
194	Samoa	Natural Earth	https://www.naturalearthdata.com/	WS	gn:4034894;tgn:1000239;wd:Q683	Samoa;Independent State of Samoa;Samoan;Samoa;Samoa;Samoa;Independent State of;Samoa;Samoa	Country	300387506;300128207	POLYGON((-172.782582161 -14.052829685,-172.782582161 -13.4628231749999,-171.437692838 -13.4628231749999,-171.437692838 -14.052829685,-172.782582161 -14.052829685))	Natural Earth
161	San Marino	Natural Earth	https://www.naturalearthdata.com/	SM	gn:3168068;tgn:7005699;wd:Q238	San Marino;Republic of San Marino;San Marino;San Marino;Sammarinese;San Marino;Most Serene Republic of San Marino	Country	300387506;300128207	POLYGON((12.3856287450001 43.892055515,12.3856287450001 43.9825667860001,12.4923922540001 43.9825667860001,12.4923922540001 43.892055515,12.3856287450001 43.892055515))	Natural Earth
166	Sao Tome and Principe	Natural Earth	https://www.naturalearthdata.com/	ST	gn:2410758;tgn:1000188;wd:Q1039	São Tomé e Príncipe;Democratic Republic of Sao Tome and Principe;São Toméan;Sao Tomean;Sao Tome and Principe	Country	300387506;300128207	POLYGON((6.46168053500011 0.0241153020000695,6.46168053500011 1.69977448100016,7.46273847700007 1.69977448100016,7.46273847700007 0.0241153020000695,6.46168053500011 0.0241153020000695))	Natural Earth
152	Saudi Arabia	Natural Earth	https://www.naturalearthdata.com/	SA	gn:102358;tgn:1000137;wd:Q851	As Suʻūdīyyah;Kingdom of Saudi Arabia;Saudi Arabia;Saudi Arabian	Country	300387506;300128207	POLYGON((34.5727645190002 16.3709446840655,34.5727645190002 32.1213479620001,55.6375647380002 32.1213479620001,55.6375647380002 16.3709446840655,34.5727645190002 16.3709446840655))	Natural Earth
162	Senegal	Natural Earth	https://www.naturalearthdata.com/	SN	gn:2245662;tgn:1000189;wd:Q1041	Sénégal;Senegal;Senegalese;Senegal;Republic of Senegal	Country	300387506;300128207	POLYGON((-17.5360408189999 12.3056065880001,-17.5360408189999 16.6913853970001,-11.3777762449999 16.6913853970001,-11.3777762449999 12.3056065880001,-17.5360408189999 12.3056065880001))	Natural Earth
149	Serbia	Natural Earth	https://www.naturalearthdata.com/	RS	gn:6290252;tgn:7006669;wd:Q403	Srbija;Serbian;Republic of Serbia;Serbia	Country	300387506;300128207	POLYGON((18.8449784750001 42.2349425250001,18.8449784750001 46.1738752240001,22.9845707600001 46.1738752240001,22.9845707600001 42.2349425250001,18.8449784750001 42.2349425250001))	Natural Earth
38	Serbia and Montenegro	Natural Earth	https://www.naturalearthdata.com/	CS		Srbija-Crna Gora;Yugoslavia;Serbian-Montenegrin;Yugoslav;Serbia and Montenegro	Country	300387506;300128207		Natural Earth
154	Seychelles	Natural Earth	https://www.naturalearthdata.com/	SC	gn:241170;tgn:1000190;wd:Q1042	Sesel;Seychelles;Republic of Seychelles;Seychelles	Country	300387506;300128207	POLYGON((46.2073673840002 -9.75554778399989,46.2073673840002 -3.79111093499991,56.2874455090002 -3.79111093499991,56.2874455090002 -9.75554778399989,46.2073673840002 -9.75554778399989))	Natural Earth
160	Sierra Leone	Natural Earth	https://www.naturalearthdata.com/	SL	gn:2403846;tgn:1000191;wd:Q1044	Sierra Leone;Sierra Leone;Sierra Leonian;Sierra Leonean;Republic of Sierra Leone;Sierra Leone	Country	300387506;300128207	POLYGON((-13.3010961579999 6.91941966400012,-13.3010961579999 9.99600596100012,-10.2822358799999 9.99600596100012,-10.2822358799999 6.91941966400012,-13.3010961579999 6.91941966400012))	Natural Earth
157	Singapore	Natural Earth	https://www.naturalearthdata.com/	SG	gn:1880251;tgn:7000381;wd:Q334	Singapore;Singapore;Singaporean;Republic of Singapore	Country	300387506;300128207	POLYGON((103.640391472 1.26430898600009,103.640391472 1.44863515800004,104.003428582 1.44863515800004,104.003428582 1.26430898600009,103.640391472 1.26430898600009))	Natural Earth
244	Sint Maarten	Natural Earth	https://www.naturalearthdata.com/	SX			Country	300387506;300128207	POLYGON((-63.1188858709999 18.019110419,-63.1188858709999 18.0621092720001,-63.0175685850526 18.0621092720001,-63.0175685850526 18.019110419,-63.1188858709999 18.019110419))	Natural Earth
159	Slovakia	Natural Earth	https://www.naturalearthdata.com/	SK	gn:3057568;tgn:7011765;wd:Q214	Slovensko;Slovak;Slovak Republic;Slovakia;Slovakian	Country	300387506;300128207	POLYGON((16.8444804280001 47.7500064090001,16.8444804280001 49.601779684,22.5396366780001 49.601779684,22.5396366780001 47.7500064090001,16.8444804280001 47.7500064090001))	Natural Earth
158	Slovenia	Natural Earth	https://www.naturalearthdata.com/	SI	gn:3190538;tgn:7006670;wd:Q215	Slovenija;Slovene;Republic of Slovenia;Slovenia	Country	300387506;300128207	POLYGON((13.3652612710001 45.42363678,13.3652612710001 46.863962301,16.5153015540001 46.863962301,16.5153015540001 45.42363678,13.3652612710001 45.42363678))	Natural Earth
153	Solomon Islands	Natural Earth	https://www.naturalearthdata.com/	SB	gn:2103350;tgn:1000233;wd:Q685	Solomon Islands;Solomon Islands;Solomon Islander	Country	300387506;300128207	POLYGON((155.507985873 -12.2906226539999,155.507985873 -6.59986744599981,168.825856967 -6.59986744599981,168.825856967 -12.2906226539999,155.507985873 -12.2906226539999))	Natural Earth
163	Somalia	Natural Earth	https://www.naturalearthdata.com/	SO	gn:51537;tgn:1000192;wd:Q1045	Soomaaliya;Somali;Somalian;Somalia;Somalia;Somali Republic;Federal Republic of Somalia	Country	300387506;300128207	POLYGON((40.9653853760002 -1.69628316497764,40.9653853760002 11.9891186460002,51.4170378110001 11.9891186460002,51.4170378110001 -1.69628316497764,40.9653853760002 -1.69628316497764))	Natural Earth
196	South Africa	Natural Earth	https://www.naturalearthdata.com/	ZA	gn:953987;tgn:1000193;wd:Q258	South Africa;South Africa;Republic of South Africa	Country	300387506;300128207	POLYGON((16.4699813160001 -46.965752863,16.4699813160001 -22.1264519249999,37.9777938160001 -22.1264519249999,37.9777938160001 -46.965752863,16.4699813160001 -46.965752863))	Natural Earth
245	South Georgia and the South Sandwich Islands	Natural Earth	https://www.naturalearthdata.com/	GS			Country	300387506;300128207	POLYGON((-38.0870255199999 -59.4727515599998,-38.0870255199999 -53.9724260399999,-26.2393285799999 -53.9724260399999,-26.2393285799999 -59.4727515599998,-38.0870255199999 -59.4727515599998))	Natural Earth
94	South Korea	Natural Earth	https://www.naturalearthdata.com/	KR	gn:1835841;tgn:7000299;wd:Q884	Han'guk;South Korea;Republic of Korea;South Korean	Country	300387506;300128207	POLYGON((124.613617384 33.197577216,124.613617384 38.6243307589749,131.862521886 38.6243307589749,131.862521886 33.197577216,124.613617384 33.197577216))	Natural Earth
165	South Sudan	Natural Earth	https://www.naturalearthdata.com/	SS	gn:7909807;tgn:7441551;wd:Q958	South Sudan;Sudan;South;South Sudan;South Sudanese;Republic of South Sudan	Country	300387506;300128207	POLYGON((24.1215556230001 3.49020151800015,24.1215556230001 12.2161546840002,35.9208354090002 12.2161546840002,35.9208354090002 3.49020151800015,24.1215556230001 3.49020151800015))	Natural Earth
54	Spain	Natural Earth	https://www.naturalearthdata.com/	ES	gn:2510769;tgn:1000095;wd:Q29	España;Kingdom of Spain;Spain;Spanish;Spain;Kingdom of	Country	300387506;300128207	POLYGON((-18.1672257149999 27.6422386740001,-18.1672257149999 43.793443101,4.3370874360001 43.793443101,4.3370874360001 27.6422386740001,-18.1672257149999 27.6422386740001))	Natural Earth
101	Sri Lanka	Natural Earth	https://www.naturalearthdata.com/	LK	gn:1227603;tgn:1000110;wd:Q854	Shrī Laṁkā;Sri Lanka;Sri Lanka;Sri Lanka;Sri Lankan;Democratic Socialist Republic of Sri Lanka	Country	300387506;300128207	POLYGON((79.6557723320001 5.92373281500015,79.6557723320001 9.82957591400015,81.8903100920001 9.82957591400015,81.8903100920001 5.92373281500015,79.6557723320001 5.92373281500015))	Natural Earth
155	Sudan	Natural Earth	https://www.naturalearthdata.com/	SD	gn:366755;tgn:1000201;wd:Q1049	As Sūdān;Sudan;Sudan;The;Sudanese;Republic of the Sudan	Country	300387506;300128207	POLYGON((21.8094486900001 8.6816417440001,21.8094486900001 22.2269648230001,38.6038517590002 22.2269648230001,38.6038517590002 8.6816417440001,21.8094486900001 8.6816417440001))	Natural Earth
164	Suriname	Natural Earth	https://www.naturalearthdata.com/	SR	gn:3382998;tgn:7015386;wd:Q730	Suriname;Republic of Suriname;Suriname;Suriname;Suriname;Surinam;Suriname;Republic of;Surinamese;Suriname	Country	300387506;300128207	POLYGON((-58.0676912029999 1.83350677500007,-58.0676912029999 6.01157376600013,-53.9863574539999 6.01157376600013,-53.9863574539999 1.83350677500007,-58.0676912029999 1.83350677500007))	Natural Earth
246	Svalbard and Jan Mayen	Natural Earth	https://www.naturalearthdata.com/	SJ			Country	300387506;300128207		Natural Earth
170	Swaziland	Natural Earth	https://www.naturalearthdata.com/	SZ	gn:934841;tgn:7001725;wd:Q1050	Swaziland;Kingdom of Swaziland;Swaziland;Swazi;Swaziland	Country	300387506;300128207	POLYGON((30.7829061280001 -27.3162643429999,30.7829061280001 -25.735999044,32.1173983160001 -25.735999044,32.1173983160001 -27.3162643429999,30.7829061280001 -27.3162643429999))	Natural Earth
156	Sweden	Natural Earth	https://www.naturalearthdata.com/	SE	gn:2661886;tgn:1000097;wd:Q34	Sverige;Kingdom of Sweden;Swedish;Sweden	Country	300387506;300128207	POLYGON((11.1081649100001 55.3426781270001,11.1081649100001 69.0363556930001,24.1634135340001 69.0363556930001,24.1634135340001 55.3426781270001,11.1081649100001 55.3426781270001))	Natural Earth
169	Switzerland	Natural Earth	https://www.naturalearthdata.com/	CH	gn:934841;tgn:7011731;wd:Q39	Schweiz;Swiss Confederation;Switzerland;Helvetic Confederation;Helvetic Republic;Swiss	Country	300387506;300128207	POLYGON((5.95480920400013 45.820718486,5.95480920400013 47.8011660770001,10.466626831 47.8011660770001,10.466626831 45.820718486,5.95480920400013 45.820718486))	Natural Earth
168	Syria	Natural Earth	https://www.naturalearthdata.com/	SY	gn:163843;tgn:1000140;wd:Q858	Sūrīyah;Syria;Syrian;Syrian Arab Republic	Country	300387506;300128207	POLYGON((35.7233992850002 32.313041687,35.7233992850002 37.3249063110001,42.377185506 37.3249063110001,42.377185506 32.313041687,35.7233992850002 32.313041687))	Natural Earth
182	Taiwan	Natural Earth	https://www.naturalearthdata.com/	TW	gn:1668284;tgn:1000141;wd:Q865	Chung-hua Min-kuo;Taiwan;China;Republic of (Taiwan);T'aiwan;Province of China Taiwan;Taiwan;Province of China;Formosa;Nationalist China;Republic of China (Taiwan);Formosa;Taiwan	Country	300387506;300128207	POLYGON((118.279551629 21.9046084660001,118.279551629 25.287420966,122.005381707 25.287420966,122.005381707 21.9046084660001,118.279551629 21.9046084660001))	Natural Earth
174	Tajikistan	Natural Earth	https://www.naturalearthdata.com/	TJ	gn:1220409;tgn:7014835;wd:Q863	Tojikiston;Republic of Tajikistan;Tajikistan;Tajik	Country	300387506;300128207	POLYGON((67.3426900630002 36.6786408490002,67.3426900630002 41.0399767050001,75.1641247970001 41.0399767050001,75.1641247970001 36.6786408490002,67.3426900630002 36.6786408490002))	Natural Earth
183	Tanzania	Natural Earth	https://www.naturalearthdata.com/	TZ	gn:149590;tgn:1000203;wd:Q924	Tanzania;Tanzania;United Republic of;Tanzanian;Tanzania;United Republic of Tanzania;Tanzania	Country	300387506;300128207	POLYGON((29.3210315350001 -11.7312724819999,29.3210315350001 -0.985830179999823,40.4493921230001 -0.985830179999823,40.4493921230001 -11.7312724819999,29.3210315350001 -11.7312724819999))	Natural Earth
173	Thailand	Natural Earth	https://www.naturalearthdata.com/	TH	gn:1605651;tgn:1000142;wd:Q869	Prathet Thai;Siamese;Kingdom of Thailand;Thai;Thailand	Country	300387506;300128207	POLYGON((97.3514010010001 5.62989003500013,97.3514010010001 20.4450064090001,105.650997762 20.4450064090001,105.650997762 5.62989003500013,97.3514010010001 5.62989003500013))	Natural Earth
172	Togo	Natural Earth	https://www.naturalearthdata.com/	TG	gn:2363686;tgn:7016577;wd:Q945	Togo;Togolese Republic;Togolese;Togo;Togo;Togo	Country	300387506;300128207	POLYGON((-0.16610917099996 6.100490848287,-0.16610917099996 11.1349803670001,1.78235070800014 11.1349803670001,1.78235070800014 6.100490848287,-0.16610917099996 6.100490848287))	Natural Earth
247	Tokelau	Natural Earth	https://www.naturalearthdata.com/	TK			Country	300387506;300128207		Natural Earth
178	Tonga	Natural Earth	https://www.naturalearthdata.com/	TO	gn:4032283;tgn:7000529;wd:Q678	Tonga;Tonga;Tonga;Tonga;Tonga;Kingdom of Tonga;Tongan	Country	300387506;300128207	POLYGON((-176.219309049 -22.3387997379999,-176.219309049 -15.5595028629999,-173.914255338 -15.5595028629999,-173.914255338 -22.3387997379999,-176.219309049 -22.3387997379999))	Natural Earth
180	Trinidad and Tobago	Natural Earth	https://www.naturalearthdata.com/	TT	gn:3573591;tgn:7004787;wd:Q754	Trinidad and Tobago;Trinidadian Tobagonian;Republic of Trinidad and Tobago;Trinidad and Tobago	Country	300387506;300128207	POLYGON((-61.9287003249999 10.0420596370002,-61.9287003249999 11.3510602890001,-60.5220841139999 11.3510602890001,-60.5220841139999 10.0420596370002,-61.9287003249999 10.0420596370002))	Natural Earth
177	Tunisia	Natural Earth	https://www.naturalearthdata.com/	TN	gn:2464461;tgn:1000205;wd:Q948	Tūnis;Republic of Tunisia;Tunisia;Tunisian	Country	300387506;300128207	POLYGON((7.4798323980001 30.2289053350001,7.4798323980001 37.3452009140002,11.5641309000001 37.3452009140002,11.5641309000001 30.2289053350001,7.4798323980001 30.2289053350001))	Natural Earth
179	Turkey	Natural Earth	https://www.naturalearthdata.com/	TR	gn:298795;tgn:1000144;wd:Q43	Türkiye;Republic of Turkey;Turkey;Republic of;Turkish;Turkey	Country	300387506;300128207	POLYGON((25.663259311 35.819778545,25.663259311 42.0987816430001,44.8069928290001 42.0987816430001,44.8069928290001 35.819778545,25.663259311 35.819778545))	Natural Earth
176	Turkmenistan	Natural Earth	https://www.naturalearthdata.com/	TM	gn:1218197;tgn:7006659;wd:Q874	Türkmenistan;Turkmen;Turkmenistan	Country	300387506;300128207	POLYGON((52.4376706173443 35.140646871,52.4376706173443 42.791187643,66.6457816980001 42.791187643,66.6457816980001 35.140646871,52.4376706173443 35.140646871))	Natural Earth
248	Turks and Caicos Islands	Natural Earth	https://www.naturalearthdata.com/	TC			Country	300387506;300128207	POLYGON((-72.481312629 21.2901065120001,-72.481312629 21.9592145850001,-71.1288956369999 21.9592145850001,-71.1288956369999 21.2901065120001,-72.481312629 21.2901065120001))	Natural Earth
181	Tuvalu	Natural Earth	https://www.naturalearthdata.com/	TV	gn:2110297;tgn:1000236;wd:Q672	Tuvalu;Tuvalu;Tuvalu;Tuvalu;Tuvaluan;Tuvalu	Country	300387506;300128207	POLYGON((176.125254754 -9.42066822699981,176.125254754 -5.67750416499986,179.906748894 -5.67750416499986,179.906748894 -9.42066822699981,176.125254754 -9.42066822699981))	Natural Earth
249	U.S. Virgin Islands	Natural Earth	https://www.naturalearthdata.com/	VI			Country	300387506;300128207	POLYGON((-65.0414934419999 17.6827660180001,-65.0414934419999 18.3865986140001,-64.5593969389999 18.3865986140001,-64.5593969389999 17.6827660180001,-65.0414934419999 17.6827660180001))	Natural Earth
185	Uganda	Natural Earth	https://www.naturalearthdata.com/	UG	gn:226074;tgn:1000206;wd:Q1036	Uganda;Uganda;Republic of Uganda;Ugandan;Uganda	Country	300387506;300128207	POLYGON((29.5484595130001 -1.47520599399984,29.5484595130001 4.21969187500011,35.0064726150001 4.21969187500011,35.0064726150001 -1.47520599399984,29.5484595130001 -1.47520599399984))	Natural Earth
184	Ukraine	Natural Earth	https://www.naturalearthdata.com/	UA	gn:690791;tgn:7006660;wd:Q212	Ukraina;Ukraine;Ukrainian;Ukraine	Country	300387506;300128207	POLYGON((22.1328398030001 44.381048895,22.1328398030001 52.3689492800001,40.1595430910002 52.3689492800001,40.1595430910002 44.381048895,22.1328398030001 44.381048895))	Natural Earth
2	United Arab Emirates	Natural Earth	https://www.naturalearthdata.com/	AE	gn:290557;tgn:1000143;wd:Q878	Al Imārāt;United Arab Emirates;Emirian	Country	300387506;300128207	POLYGON((51.5693465500001 22.6209459430001,51.5693465500001 26.0747919720001,56.3836369150001 26.0747919720001,56.3836369150001 22.6209459430001,51.5693465500001 22.6209459430001))	Natural Earth
61	United Kingdom	Natural Earth	https://www.naturalearthdata.com/	GB	gn:2635167;tgn:7008591;wd:Q145	United Kingdom;United Kingdom of Great Britain and Northern Ireland;Great Britain and Northern Ireland;United Kingdom of;Great Britain;British;Britain;United Kingdom	Country	300387506;300128207	POLYGON((-13.6913142569999 49.9096133480001,-13.6913142569999 60.84788646,1.77116946700002 60.84788646,1.77116946700002 49.9096133480001,-13.6913142569999 49.9096133480001))	Natural Earth
186	United States	Natural Earth	https://www.naturalearthdata.com/	US	gn:6252001;tgn:7012149;wd:Q30	United States;United States;American;United States of America	Country	300387506;300128207	POLYGON((-179.143503384 18.9061171430001,-179.143503384 71.4125023460001,179.780935092 71.4125023460001,179.780935092 18.9061171430001,-179.143503384 18.9061171430001))	Natural Earth
250	United States Minor Outlying Islands	Natural Earth	https://www.naturalearthdata.com/	UM			Country	300387506;300128207	POLYGON((-177.389597134 -0.388767184999892,-177.389597134 28.2153181010001,166.652354363 28.2153181010001,166.652354363 -0.388767184999892,-177.389597134 -0.388767184999892))	Natural Earth
187	Uruguay	Natural Earth	https://www.naturalearthdata.com/	UY	gn:3439705;tgn:1000058;wd:Q77	Uruguay;Eastern Republic of Uruguay;Uruguay;Uruguayan;Uruguay;Uruguay	Country	300387506;300128207	POLYGON((-58.4393611319999 -34.9734026019999,-58.4393611319999 -30.0968698119999,-53.1108361419999 -30.0968698119999,-53.1108361419999 -34.9734026019999,-58.4393611319999 -34.9734026019999))	Natural Earth
188	Uzbekistan	Natural Earth	https://www.naturalearthdata.com/	UZ	gn:1512440;tgn:7006661;wd:Q265	O'zbekiston;Republic of Uzbekistan;Uzbek;Uzbekistan	Country	300387506;300128207	POLYGON((55.9758386630001 37.1851474,55.9758386630001 45.5587189740001,73.1486405840002 45.5587189740001,73.1486405840002 37.1851474,55.9758386630001 37.1851474))	Natural Earth
193	Vanuatu	Natural Earth	https://www.naturalearthdata.com/	VU	gn:2134431;tgn:1000225;wd:Q686	Vanuatu;Vanuatuan;Vanuatu;Vanuatu;Vanuatu;Republic of Vanuatu	Country	300387506;300128207	POLYGON((166.520518425 -20.2531063779999,166.520518425 -13.0648739559998,169.898936394 -13.0648739559998,169.898936394 -20.2531063779999,166.520518425 -20.2531063779999))	Natural Earth
189	Vatican	Natural Earth	https://www.naturalearthdata.com/	VA	gn:3164670;tgn:7001168;wd:Q237	Santa Sede;State of Vatican City;Holy See;Vatican City State;State of the Vatican City;Vatican City;Vatican	Country	300387506;300128207	POLYGON((12.4527140820001 41.9027519410001,12.4527140820001 41.9039147380001,12.4540354420001 41.9039147380001,12.4540354420001 41.9027519410001,12.4527140820001 41.9027519410001))	Natural Earth
191	Venezuela	Natural Earth	https://www.naturalearthdata.com/	VE	gn:3625428;tgn:1000059;wd:Q717	Venezuela;Venezuela;Venezuela;Bolivarian Republic of Venezuela;Venezuela;Venezuela;Bolivarian Republic of	Country	300387506;300128207	POLYGON((-73.3911486409999 0.649315491000067,-73.3911486409999 15.7029483090001,-59.815594849 15.7029483090001,-59.815594849 0.649315491000067,-73.3911486409999 0.649315491000067))	Natural Earth
192	Vietnam	Natural Earth	https://www.naturalearthdata.com/	VN	gn:1562822;tgn:1000145;wd:Q881	Việt Nam;Vietnam;Vietnamese;Viet Nam;Socialist Republic of Vietnam;Viet Nam;Viet Nam;Socialist Republic of Viet Nam	Country	300387506;300128207	POLYGON((102.118655233 8.56557851800015,102.118655233 23.3662751270001,109.472422722 23.3662751270001,109.472422722 8.56557851800015,102.118655233 8.56557851800015))	Natural Earth
251	Wallis and Futuna	Natural Earth	https://www.naturalearthdata.com/	WF			Country	300387506;300128207	POLYGON((-178.185739713 -14.3194312479999,-178.185739713 -13.208916925,-176.125599739 -13.208916925,-176.125599739 -14.3194312479999,-178.185739713 -14.3194312479999))	Natural Earth
252	Western Sahara	Natural Earth	https://www.naturalearthdata.com/	EH			Country	300387506;300128207	POLYGON((-17.1046443349999 20.7669131530001,-17.1046443349999 27.6614653400001,-8.68080908199988 27.6614653400001,-8.68080908199988 20.7669131530001,-17.1046443349999 20.7669131530001))	Natural Earth
195	Yemen	Natural Earth	https://www.naturalearthdata.com/	YE	gn:69543;tgn:7000261;wd:Q805	Al Yaman;Yemen;Yemeni;Yemen;Yemen;Republic of;Republic of Yemen	Country	300387506;300128207	POLYGON((42.5457462900001 12.1114436720001,42.5457462900001 18.9956375130001,54.5402938160002 18.9956375130001,54.5402938160002 12.1114436720001,42.5457462900001 12.1114436720001))	Natural Earth
197	Zambia	Natural Earth	https://www.naturalearthdata.com/	ZM	gn:895949;tgn:1000209;wd:Q953	Zambia;Zambia;Republic of Zambia;Zambian;Zambia	Country	300387506;300128207	POLYGON((21.9798775630001 -18.0692318719999,21.9798775630001 -8.1941240429999,33.674202515 -8.1941240429999,33.674202515 -18.0692318719999,21.9798775630001 -18.0692318719999))	Natural Earth
198	Zimbabwe	Natural Earth	https://www.naturalearthdata.com/	ZW	gn:878675;tgn:1000185;wd:Q954	Zimbabwe;Zimbabwe;Zimbabwe;Republic of Zimbabwe;Zimbabwean;Zimbabwe	Country	300387506;300128207	POLYGON((25.219369751 -22.3973397829999,25.219369751 -15.6148080449999,33.0427681890002 -15.6148080449999,33.0427681890002 -22.3973397829999,25.219369751 -22.3973397829999))	Natural Earth
