id	title	name_src	type	aat_types	ccodes	geowkt
1	Witwatersrand	ne_mountains	mountain_range_6	300386831;300008795	BW;ZA	MULTIPOLYGON(((28.8967391285212 -26.6158993468809,28.8239852222713 -26.8870175109434,28.3542586597712 -26.8672421203184,27.9310408863337 -26.569512628131,27.1438094410213 -26.2388241515684,26.9917098316463 -26.1064999328184,26.1582137378963 -25.8816464171934,25.7150985035212 -25.3789608703185,25.5166121753962 -25.0150692687559,24.8552352222712 -24.9092343078184,24.7494002613337 -24.5653622375059,25.2785750660212 -24.4727108703184,26.0326033863338 -24.5322811828185,26.8659774097712 -24.6909725890685,27.8648787769588 -25.0614559875059,28.4931746753963 -25.5310604796935,28.8106795582088 -25.9741757140684,28.8967391285212 -26.6158993468809)))
2	Jabal Bin Ghunaymah	ne_mountains	mountain_range_6	300386831;300008795	LY;NE;TD	MULTIPOLYGON(((14.0271102222713 21.9881045593691,13.3921004566462 21.9087588562441,13.2465926441463 22.7951113953066,14.4769393238338 24.1709048523378,15.1781111988337 25.0705020203065,16.3554793628963 26.2611148132753,16.8184920582088 26.3405215515565,17.2285262378962 26.1552798523379,17.0963240894588 25.6790225281191,15.5352889332087 23.7740542664004,15.1516219410212 22.9802920593691,14.0271102222713 21.9881045593691)))
3	Wasatch Range	ne_mountains	mountain_range_6	300386831;300008795	US	MULTIPOLYGON(((-111.292775031635 42.2684390320253,-111.200184699604 42.1890322937441,-111.048512336322 42.2234561218691,-110.941883918354 42.0606753601504,-110.992787238666 41.8971621765566,-111.081288215229 41.7354190124941,-111.122425910541 41.5664126648378,-111.134022590229 41.3953311218691,-111.160450812885 41.1836611999941,-111.213368293354 40.9190737976503,-111.292775031635 40.6676699890565,-111.411854621479 40.0723941101503,-111.451527473041 39.7945620789004,-111.570546027729 39.5299746765566,-111.663197394916 39.278631903119,-111.848378058979 39.2653872742128,-111.888050910541 39.5299746765566,-111.835133430073 39.7681338562441,-111.766896125385 40.021551824994,-111.675404426166 40.2113711609316,-111.778675910541 40.3653628601503,-111.821949836322 40.6941592468691,-111.821949836322 40.9058291687441,-111.901295539447 41.1704165710879,-111.993885871479 41.5672671570253,-111.888050910541 41.6863467468691,-111.755787726948 41.8715274109316,-111.755787726948 42.0020816101503,-111.705189582416 42.3008486999941,-111.719838019916 42.4455020203065,-111.705311652729 42.6413028015566,-111.557362433979 42.6520449890566,-111.473133918354 42.5817324890566,-111.397328254291 42.5009219421816,-111.32866370351 42.3611514343691,-111.292775031635 42.2684390320253)))
4	Lebombo Mountains	ne_mountains	mountain_range_6	300386831;300008795	SZ;MZ;ZA	MULTIPOLYGON(((32.1450962069257 -27.4821171554735,31.9791365894588 -27.7932675109435,31.8601180347713 -27.4889462218809,31.7939559253962 -27.0920956359434,31.7806502613338 -26.1130917296935,31.8733016285212 -25.650079034381,31.8864852222712 -25.2003720031309,31.7541610035213 -24.5653622375059,31.7277938160212 -23.8773739562559,31.8071395191462 -23.4276669250059,31.9923201832087 -23.6921932921935,32.1378279957088 -24.1948788390685,32.2039901050838 -24.7108700500059,32.2304793628962 -25.2797177062559,32.3494979175837 -25.8088925109434,32.2966414722712 -26.0337460265685,32.2701522144587 -26.7349179015684,32.1908065113337 -27.3964169250059,32.1450962069257 -27.4821171554735)))
5	Ruwenzori Range	ne_mountains	mountain_range_6	300386831;300008795	CD;UG	MULTIPOLYGON(((30.2461043628963 0.265814520306634,29.8668319019588 -0.073724053912144,29.6728621753963 0.049750067181577,29.6728621753963 0.265814520306634,29.7037459644588 0.477484442181591,29.7962752613338 0.642828680462813,30.0828963550837 0.891974188275356,30.2329207691462 1.10809967655663,30.4533797535212 1.17865631718162,30.4356795582088 0.940497137494091,30.2923690113338 0.629645086712799,30.2461043628963 0.265814520306634)))
6	Moyen Atlas	ne_mountains	mountain_range_6	300386831;300008795	MA	MULTIPOLYGON(((-3.4750870433538 33.8811099304629,-3.66026770741627 33.5570132507754,-3.87852942616624 33.3122622742128,-4.08360755116627 33.0476748718691,-4.46727454335377 32.8161685242128,-4.66569983632249 32.7831485046816,-5.00963294179127 32.7566592468691,-5.39329993397877 32.8624942078066,-5.67113196522871 33.0278384460879,-5.26097571522874 33.6562564148378,-4.96336829335377 33.9406802429629,-4.21587073476002 34.2846133484316,-3.87193762929121 34.2978579773379,-3.73302161366624 34.2647769226504,-3.42210852772874 34.251532293744,-3.40892493397871 34.0795962585878,-3.4750870433538 33.8811099304629)))
7	Loma Mountains	ne_mountains	mountain_range_6	300386831;300008795	GN;SL	MULTIPOLYGON(((-10.6320694652287 8.24298737186911,-11.2405899730412 7.95197174686906,-11.8358658519475 8.29590485233784,-11.8755997386663 8.89124176640031,-11.6903580394475 9.30133698124408,-11.2009171214787 9.52625153202536,-10.73784339101 9.47333405155662,-10.3277481761662 9.40717194218155,-10.1160782542913 9.18225739140036,-10.380665656635 8.71924469608786,-10.6320694652287 8.24298737186911)))
8	Mbang Mountains	ne_mountains	mountain_range_6	300386831;300008795	CM;TD	MULTIPOLYGON(((13.1584578785213 6.78339264530661,12.9908553394587 6.71283600468162,13.0438338550838 7.24201080936911,13.3789168628962 7.71826813358786,14.3314315113338 8.24744293827533,14.9223738941463 8.37091705936906,15.4250594410213 8.37970612186908,15.6630965503963 8.18573639530658,15.5926619800838 7.8858706726503,15.1604110035213 7.86823151249405,14.7812606128963 7.73590729374409,14.2520858082088 7.66535065311911,13.8287459644588 7.51544830936912,13.4406844410213 7.25086090702534,13.1584578785213 6.78339264530661)))
9	Maya Mountains	ne_mountains	mountain_range_5	300386831;300008795	BZ;GT	MULTIPOLYGON(((-88.9810684886662 16.2402407898379,-89.31792151601 16.1114566101504,-89.6647232738225 16.1807925476504,-89.5458267894475 16.4086978210878,-89.31792151601 16.616766668744,-89.2089737621038 17.0031802429629,-89.0107315746037 17.2509219421816,-88.3745011058538 17.2529971374941,-88.3072403636663 17.0031802429629,-88.3751114574162 16.7440860046815,-88.6342667308538 16.4978701843691,-88.9810684886662 16.2402407898379)))
10	Front Range	ne_mountains	mountain_range_5	300386831;300008795	US	MULTIPOLYGON(((-104.955983039447 38.5642764343691,-105.106312629291 38.432440496869,-105.293141242573 38.4421450867129,-105.466420051166 38.4735171570254,-105.622670051166 38.4144961609316,-105.781056281635 38.4061343445253,-105.984486457416 38.5176455749941,-106.145192023822 38.7776553406191,-106.168446418354 38.9393374695253,-105.98784339101 39.0140445007754,-105.932972785541 39.1406924499941,-105.98784339101 39.5035464539003,-106.093678351948 39.7152163757754,-106.212757941791 39.9268862976503,-106.120472785541 40.0853945984316,-106.252430793354 40.204657293744,-106.381459113666 40.3799502624941,-106.318592902729 40.4692446960879,-106.146595832416 40.548651434369,-105.908497687885 40.8925845398379,-105.736500617573 41.002020574994,-105.524830695697 41.002020574994,-105.41899573476 40.8661563171816,-105.247059699604 40.7338320984316,-105.075062629291 40.5883242859315,-105.061818000385 40.3766543640566,-105.141224738666 40.1649844421815,-105.194142219135 39.8739688171816,-105.091053840229 39.6250674499941,-105.061818000385 39.3977114929629,-104.916310187885 39.199286199994,-104.731068488666 39.1198794617128,-104.572377082416 39.0140445007754,-104.70464026601 38.8817813171816,-104.823719855854 38.7230288757753,-104.955983039447 38.5642764343691)))
11	Bitterroot Range	ne_mountains	mountain_range_5	300386831;300008795	US	MULTIPOLYGON(((-114.811940070698 47.4174868835878,-114.806630012104 47.3214785828066,-114.954457160541 47.3565127624941,-115.056752082416 47.3257510437441,-115.043202277729 47.2671572937441,-114.959339973041 47.2529971374941,-114.750721808979 47.1144473328066,-114.687184211322 47.0201480164004,-114.535023566791 47.0160586609316,-114.406361457416 47.0003115906191,-114.375294562885 47.0309512390565,-114.253529426166 47.0159976257753,-114.169850226948 46.9245059265566,-113.980946418354 46.8665225281191,-114.044422980854 46.6076113953065,-114.044422980854 46.4488589539003,-114.097340461323 46.1710269226503,-114.084095832416 46.0122744812441,-113.951832648823 45.8800112976504,-113.753407355854 45.8138491882754,-113.515248176166 45.7741763367129,-113.515248176166 45.575751043744,-113.455738898823 45.3574282898379,-113.21098792226 45.1126773132753,-113.038990851948 45.0333316101503,-112.906727668354 45.0333316101503,-112.827320930072 44.8878237976504,-112.761219855854 44.7158267273378,-112.443714973041 44.6761538757753,-112.271717902729 44.7025820984316,-112.179127570698 44.7554995789003,-111.901295539447 44.7554995789003,-111.583790656635 44.7025820984316,-111.438282844135 44.6364199890566,-111.37212073476 44.5703189148378,-111.438282844135 44.5174014343691,-111.676380988666 44.4512393249941,-111.947621223041 44.4843203796816,-112.07329260976 44.3586489929629,-112.232045051166 44.2924868835878,-112.443714973041 44.2263247742128,-112.615712043354 44.0808169617129,-112.761219855854 43.9749820007754,-113.06548010976 44.2792422546816,-113.409413215229 44.6496646179628,-113.607899543354 44.808417059369,-113.63432776601 45.0200869812441,-113.799000617572 45.1715762390565,-113.898426887104 45.3450381531191,-114.000111457416 45.4180361999941,-114.137013312885 45.4160830749941,-114.315419074604 45.3565737976504,-114.543873664448 45.312811590619,-114.658009406635 45.3770205749941,-114.77202307851 45.6021792664003,-114.811695930073 45.8270938171816,-114.758778449604 46.0122744812441,-114.732350226948 46.1974551453065,-114.692677375385 46.3430239929629,-114.891102668354 46.5414492859316,-114.983693000385 46.7002017273379,-115.168934699604 46.8589541687441,-115.327626105854 47.0177066101503,-115.499623176166 47.0970523132753,-115.631947394916 47.2028872742129,-115.808522101948 47.2379824890566,-115.936207648822 47.3352114929628,-116.134632941791 47.3616397156191,-116.359547492572 47.3616397156191,-116.677052375385 47.4278018249941,-116.782887336323 47.573309637494,-116.782887336323 47.7453067078066,-116.729969855854 47.8511416687441,-116.534413215229 47.9959170593691,-116.479115363666 48.1324527039003,-116.301503058979 48.1826846374941,-116.065846320698 48.108710028119,-115.921864387104 48.0795352234316,-115.78569495351 48.0224063171815,-115.585133430072 47.8605410828066,-115.509510871479 47.8267886414003,-115.412220832416 47.7166812195253,-115.37553870351 47.6268985046815,-115.273793098041 47.5836856140566,-115.162892219135 47.5740420593691,-115.009755012104 47.5372988953066,-114.811940070698 47.4174868835878)))
12	Hardanger-Vidda	ne_mountains	mountain_range_5	300386831;300008795	NO	MULTIPOLYGON(((9.0440779957087 61.0404727234316,9.2249861988337 60.9829776062441,9.36658776133379 60.8742129578065,9.43665612070876 60.6966616882753,9.44044030039623 60.6033999695253,9.43238365977129 60.5062930359316,9.41273033945876 60.4093692078066,9.35718834727123 60.264227606244,9.29651940195873 60.1718203796815,9.26002037852123 60.1330630554629,8.92628014414629 59.8836123718691,8.83033287852129 59.7838809265566,8.72193444102123 59.6272036804628,8.66089928477123 59.5646426453066,8.56983483164623 59.5105654968691,8.05933678477123 59.2896792664003,7.79273522227129 59.1945864929628,7.52979576914626 59.1277529968691,7.23121178477129 59.1178042664004,6.94935143320873 59.2003848328066,6.73316490977123 59.3810488953066,6.63135826914629 59.6655337585878,6.63807213633373 59.8443667664003,6.68873131602126 59.9789492859316,6.77711022227123 60.095526434369,6.98792565195879 60.3219668640566,7.32300865977123 60.7251651062441,7.41724694102126 60.809637762494,7.61378014414623 60.9339663757754,7.72046959727121 60.9865176453066,7.82642662852121 61.0140445007753,7.97754967539626 61.0216738953066,8.27967369883376 61.0208194031191,8.74634850352123 61.065985418744,8.85608971445879 61.0639102234316,9.0440779957087 61.0404727234316)))
13	Cha√Æne Des Mongos	ne_mountains	mountain_range_5	300386831;300008795	CF;SD;SS;TD	MULTIPOLYGON(((21.3938756683538 7.59495197222174,21.0385848316463 7.55512116093162,19.4907332691462 8.48114655155663,19.7421981128963 9.24841950077533,21.3296004566462 10.2141787781191,22.6392928394587 10.1744448914003,24.1606551441463 9.94959137577536,25.4571639332088 9.42041657108788,25.2851668628962 8.32239411015033,23.6447860035213 8.22980377811909,22.4541121753963 7.71381256718162,21.3938756683538 7.59495197222174)))
14	Ogo   Mountains	ne_mountains	mountain_range_5	300386831;300008795	SO	MULTIPOLYGON(((51.1114126280391 11.3928362919778,51.0621444019588 11.2724673523378,50.8901473316462 10.9219424499941,50.4007674488338 10.7036196960878,50.0171004566463 10.6176211609316,49.7657576832087 10.8094546570253,49.3093367847712 10.9219424499941,48.9719344410212 10.7763736023378,48.5553084644588 10.6903750671816,48.3964949878962 10.789618231244,48.0988875660213 10.8425357117129,47.8541365894587 10.8292910828065,47.6291610035212 10.7433535828066,47.3911238941462 10.5448672546816,47.2522078785213 10.0156924499941,47.1001082691463 9.79083893436905,46.7495223316463 9.63867828983784,46.4848738941463 9.55933258671284,46.3128768238337 9.61225006718159,46.3393660816463 9.82391998905663,46.2335311207087 9.87683746952537,46.0549422535212 9.84375641483788,45.8366805347713 9.65851471561909,45.7242537769588 9.74451325077533,45.4926863941463 9.87683746952537,45.1421004566463 9.84375641483788,44.6328231128962 9.72467682499408,44.5468856128962 9.88342926640038,44.6262313160212 10.0620181335879,44.8510848316462 10.2273623718691,45.2214461597713 10.3795230164004,45.4860945972713 10.5117861999941,45.5985213550837 10.7565371765566,45.7904158863338 10.8292910828065,46.1342879566462 10.7830264343691,46.3923445972712 10.7168643249941,46.6502791675837 10.7301089539003,46.8884383472712 10.8954531921816,47.0868026050837 11.0211245789003,47.4505721363338 11.1600405945253,47.6689559253963 11.1203677429628,48.0922957691463 11.1732852234315,48.4758406910212 11.3122012390566,48.7273055347712 11.3187930359316,49.1174422535212 11.292303778119,49.5078231128962 11.3849551453066,49.7789412769587 11.5039736999941,50.1626082691462 11.5568911804628,50.3940535816462 11.6892153992128,50.5594588550838 11.8743960632754,50.7116805347713 11.9802310242128,51.2143660816463 11.8413760437441,51.1812850269587 11.5635440124941,51.1114126280391 11.3928362919778)))
15	Groot Karasberge	ne_mountains	mountain_range_5	300386831;300008795	NA;ZA	MULTIPOLYGON(((19.2614852222712 -28.8295223937559,18.9264022144588 -28.8560116515684,17.9650985035213 -28.7677548156309,17.4182235035212 -28.6707089171934,17.3388778003962 -28.2210018859435,17.1801863941462 -28.0270321593809,17.5858260425838 -27.5154354796934,17.8062850269588 -26.8010800109435,17.8062850269588 -26.4305966125059,18.0444442066463 -25.8838436828184,18.0003768238338 -25.1959774718809,18.2561141285212 -25.0901425109434,18.5559188160213 -25.5928280578184,18.9704695972713 -25.839776300006,20.0200301441462 -26.2806942687559,20.5579940113337 -26.7921688781309,20.2845565113337 -27.259698175006,20.4168807300838 -27.6653378234434,20.5050154957088 -28.3268368468809,20.0023299488338 -28.3796932921935,19.4996444019588 -28.5560848937559,19.2614852222712 -28.8295223937559)))
16	Guinea Highlands	ne_mountains	mountain_range_5	300386831;300008795	GN;LR;CI;SL	MULTIPOLYGON(((-7.11754309804127 7.12732575077531,-7.27623450429127 6.95093414921284,-7.94652259022874 7.02149078983783,-9.11070716054127 7.30371735233786,-9.76335608632246 7.53302643436906,-10.2042740550725 7.85053131718159,-10.5217179027287 8.27387116093159,-10.1513565746038 9.10291168827536,-9.74565589101002 9.49091217655656,-8.79320227772874 9.61438629765037,-7.75255286366624 9.30573151249408,-7.33800208241624 8.72363922733786,-7.11754309804127 7.92108795780658,-7.11754309804127 7.12732575077531)))
17	Marrah Mountains	ne_mountains	mountain_range_5	300386831;300008795	SD	MULTIPOLYGON(((25.4262801441463 13.3273379578066,24.8883162769588 12.3924624695253,23.8652449878962 12.5335757507754,23.5036727222713 13.4067446960879,23.8829451832088 14.4209048523379,24.6855574878963 15.0824038757753,25.2323104175837 15.3911196960878,25.9290877613337 15.9290225281191,26.9079695972713 16.1495425476504,27.4812117847713 15.6557070984316,27.5870467457087 15.3734195007754,27.2519637378963 14.8530947937441,26.6787215503963 14.6061465515566,25.7526961597713 14.0064151062441,25.4262801441463 13.3273379578066)))
18	Ahmar Mountains	ne_mountains	mountain_range_5	300386831;300008795	ET	MULTIPOLYGON(((41.2660018238338 8.71478912968162,40.6309920582087 8.34442780155658,40.4546004566463 8.57373688358787,40.4721785816463 8.99701569218156,40.6838485035212 9.15582916874409,41.1954451832088 9.43799469608781,41.7598983082088 9.64966461796287,42.4830428394587 9.73786041874409,42.8888045582087 9.75549957890034,43.1908065113338 9.47992584843163,42.8535262378962 9.3476626648378,42.6947127613338 9.21533844608784,42.2713729175838 9.01032135624412,42.1324569019587 8.84491608280658,41.2660018238338 8.71478912968162)))
19	Al Jabal Al Akhdar	ne_mountains	mountain_range_5	300386831;300008795	LY	MULTIPOLYGON(((23.0521748683926 32.474700045825,23.0692244800837 32.3796450867129,22.1762801441462 32.3928286804628,21.2833358082088 32.333319403119,20.7872420582087 31.9959780945254,20.1654158863338 31.6453921570254,19.9604598316463 31.9232241882753,20.4499617847713 32.4788272156191,21.1179305347713 32.7963320984316,21.7132674488337 32.9617373718691,22.3217879566463 32.908758856244,23.0229598316462 32.6375796570254,23.0521748683926 32.474700045825)))
20	Er Rif	ne_mountains	mountain_range_5	300386831;300008795	ES;MA	MULTIPOLYGON(((-5.12873591042225 35.4635320441961,-4.79796301991624 35.170965887494,-4.20262610585377 35.1974551453066,-3.94469153554121 35.2834536804629,-3.69334876210374 35.2437197937441,-3.30308997304124 35.2040469421816,-2.99876868397874 35.4024722351504,-2.89293372304127 35.1643740906191,-2.53575598866624 35.1247012390566,-2.80034339101002 34.7741153015566,-3.33617102772874 34.4102847351504,-3.87193762929121 34.3375308289004,-4.26219641835374 34.2978579773379,-4.62596594960377 34.1986148132753,-5.12205969960377 34.1192691101503,-5.39989173085379 34.0861880554628,-5.86949622304121 34.1391055359316,-5.80339514882246 34.2846133484316,-5.49913489491627 34.595526434369,-5.84972083241627 34.8997866882754,-5.80998694569746 35.1378848328065,-5.83647620351002 35.6141421570253,-5.88274085194746 35.7728945984316,-5.47264563710377 35.8985659851503,-5.38005530507254 35.9184024109316,-5.14195716054124 35.4752261414003,-5.12873591042225 35.4635320441961)))
21	Atlas Tellien	ne_mountains	mountain_range_5	300386831;300008795	DZ;MA	MULTIPOLYGON(((4.94388026555217 36.8477723857269,5.46790612070873 36.5666568054629,5.83826744883376 36.2094790710879,6.14258873789629 35.8787295593691,5.42823326914623 35.6008975281191,4.15821373789621 35.9448916687441,2.41187584727123 35.9184024109316,1.67115319102123 35.5215518249941,1.49915612070879 35.3495547546816,1.23450768320879 35.1247012390566,0.983164909771233 34.8071963562441,-0.194203254291239 34.7013613953066,-0.855702277728767 34.5822818054628,-1.80815589101002 34.3044497742129,-2.11241614491624 34.1986148132753,-2.62840735585377 33.9208438171816,-3.22368323476002 33.7885195984315,-3.4750870433538 33.8811099304629,-3.38243567616624 34.1060244812441,-3.02525794179121 34.4500186218691,-2.64159094960371 34.9791323914004,-2.41673743397874 35.1247012390566,-2.00658118397874 35.0849673523378,-1.26579749257252 35.4024722351504,-0.974720832416267 35.7199771179629,-0.617543098041239 35.7597110046816,-0.405873176166267 35.9184024109316,-0.141285773822489 35.7993838562441,0.189463737896261 36.0507266296815,1.1286727222712 36.5269839539004,2.27967369883373 36.6328189148379,2.57068932383376 36.6195742859316,3.03370201914626 36.8047549499941,3.17920983164626 36.7783267273378,3.84070885508379 36.937079168744,4.92542565195879 36.8576724304628,4.94388026555217 36.8477723857269)))
22	Inyanga Mountains	ne_mountains	mountain_range_5	300386831;300008795	ZW;MZ	MULTIPOLYGON(((32.9713240894588 -20.7421200500059,32.2966414722712 -20.7949764953184,32.2966414722712 -20.4511044250059,32.4421492847713 -20.0541317687559,32.3494979175837 -19.3794491515684,32.3494979175837 -18.9694149718809,32.1378279957088 -18.202080987506,31.9791365894588 -17.9507382140684,31.7541610035213 -17.7919247375059,31.7013045582088 -17.3157284484435,32.0716658863337 -16.8923886046934,32.4553328785212 -16.7733700500059,32.7993270191462 -16.7997372375059,33.1961776050837 -16.9850399718809,33.3681746753962 -17.5009091125059,33.4343367847713 -18.1624081359435,33.5136824878963 -18.6122372375059,33.5930281910213 -18.8635800109434,33.7915145191462 -19.1149227843809,33.6328231128962 -19.4589169250059,33.4343367847713 -20.0939266906309,33.2755233082087 -20.5039608703185,32.9713240894588 -20.7421200500059)))
23	Australian Alps	ne_mountains	mountain_range_5	300386831;300008795	AU	MULTIPOLYGON(((147.219004753521 -37.6075985656309,147.125498894146 -37.6271298156309,147.033824089459 -37.6196835265684,146.933848503521 -37.5514462218809,146.888438347271 -37.4390194640685,146.888194206646 -37.3107235656309,146.923716667584 -37.1948788390685,146.963877800396 -37.1356747375059,147.014292839459 -37.0905087218809,147.071787956646 -37.0542538390684,147.591929558209 -36.7808163390684,147.805918816021 -36.6381161437559,147.998057487896 -36.4639218078184,148.279795769146 -36.1447079406309,148.543589714459 -35.8120663390684,148.698252800396 -35.5933163390684,148.788584831646 -35.5020077453185,148.908457878521 -35.4335263000059,148.945201042584 -35.4213192687559,149.038096550396 -35.4128964171934,149.080821159771 -35.4287655578185,149.117564323834 -35.476739190631,149.129161003521 -35.5408261046935,149.123423698834 -35.6748593078184,149.102305534771 -35.8115780578185,149.052500847271 -35.9365780578184,148.803721550396 -36.4220516906309,148.753550651959 -36.4989559875059,148.664805534771 -36.6024716125059,148.238047722271 -37.0247128234434,148.101939323834 -37.1350643859434,147.801524284771 -37.3297665343809,147.601817253521 -37.440362237506,147.395030144146 -37.5367977843809,147.219004753521 -37.6075985656309)))
24	Flinders Ranges	ne_mountains	mountain_range_5	300386831;300008795	AU	MULTIPOLYGON(((138.709361198834 -33.2623837218809,138.520518425396 -33.3402645812559,138.315074089459 -33.3058407531309,138.241709831646 -33.2446835265684,138.178477409771 -33.1541073546934,138.084849480084 -32.9667294250059,138.042735222271 -32.8508846984434,138.016123894146 -32.7235653625059,138.001963737896 -32.5940487609434,137.997691276959 -32.4719784484434,138.020518425396 -32.285088800006,138.077403191021 -32.1127255187559,138.741465691021 -30.5640194640684,139.032481316021 -30.0898983703184,139.115122917584 -29.9786923156309,139.200938347271 -29.8873837218809,139.283457878521 -29.8317196593809,139.375987175396 -29.7986386046934,139.473887566021 -29.786553643756,139.601328972271 -29.7991268859434,139.699473503521 -29.8320858703184,139.755137566021 -29.8652889953184,139.790049675396 -29.9091122375059,139.789683464459 -29.9637997375059,139.510752800396 -30.5846493468809,139.383677605084 -30.9297421203184,139.231455925396 -31.2067196593809,139.201548698834 -31.2921688781309,139.179820183209 -31.3969052062559,139.165782097271 -31.5271542296934,139.146983269146 -31.9971249328184,139.084849480084 -32.6531307921934,139.058726433209 -32.8140194640684,138.999522331646 -32.9531796203184,138.872325066021 -33.1179745421934,138.709361198834 -33.2623837218809)))
25	Blue Mountains	ne_mountains	mountain_range_5	300386831;300008795	AU	MULTIPOLYGON(((150.579722526959 -33.9319393859434,150.541880730084 -33.9406063781309,150.411387566021 -33.9275448546934,150.307627800396 -33.8712704406309,150.223399284771 -33.7826473937559,150.010020378521 -33.4536679015684,149.960459831646 -33.3132870421934,149.916636589459 -33.0609677062559,149.908213737896 -32.9180233703184,149.915171745709 -32.8385555968809,149.936167839459 -32.7867977843809,149.992930534771 -32.7605526671934,150.054453972271 -32.7738583312559,150.111216667584 -32.8096249328184,150.154307487896 -32.8510067687559,150.263560417584 -32.9766171203184,150.342906120709 -33.1215145812559,150.410777214459 -33.2210018859434,150.662608269146 -33.668389581256,150.684825066021 -33.722832940631,150.684092644146 -33.7788632140684,150.633555534771 -33.8873837218809,150.609629753521 -33.9138729796934,150.579722526959 -33.9319393859434)))
26	Gregory Range	ne_mountains	mountain_range_5	300386831;300008795	AU	MULTIPOLYGON(((143.535655144146 -19.4988339171934,143.431773308209 -19.5083554015684,143.220103386334 -19.449395440631,143.057261589459 -19.3283016906309,142.535777214459 -18.7089169250059,142.433604362896 -18.6161434875059,142.312022331646 -18.523858331256,142.218272331646 -18.4149716125059,142.199717644146 -18.2726376281309,142.247813347271 -18.1625302062559,142.331553581646 -18.0851376281309,142.437998894146 -18.0521786437559,142.553721550396 -18.0747616515685,142.634532097271 -18.1290829406309,142.693858269146 -18.1992733703184,142.789561394146 -18.362969659381,142.942881706646 -18.588311456256,143.093516472271 -18.8296444640684,143.227793816021 -18.9590389953184,143.542124870709 -19.1827938781309,143.656016472271 -19.2459042296934,143.682017448834 -19.2732479796935,143.698496941021 -19.3803036437559,143.637217644146 -19.4558651671934,143.535655144146 -19.4988339171934)))
27	Selwyn Range	ne_mountains	mountain_range_5	300386831;300008795	AU	MULTIPOLYGON(((141.183848503521 -21.6599667296934,141.131480339459 -21.6759579406309,141.061411980084 -21.6628964171934,140.844248894146 -21.5836727843809,140.709849480084 -21.4707577453184,140.570323112896 -21.3965389953184,140.223765495709 -21.1719296203184,140.156504753521 -21.1199276671934,139.718516472271 -20.7034237609434,139.531016472271 -20.4858944640684,139.459849480084 -20.4216854796934,139.345713737896 -20.3396542296934,139.218638542584 -20.2325985656309,139.132701042584 -20.1060116515684,139.141856316021 -19.9655087218809,139.187388542584 -19.9083798156309,139.249034050396 -19.874444268756,139.322032097271 -19.8593075500059,139.401744011334 -19.8589413390684,139.549571159771 -19.882745050006,139.853770378521 -19.9710018859434,139.908213737896 -19.9978573546934,140.009532097271 -20.0767147765685,140.102183464459 -20.1749813781309,140.273203972271 -20.3783505187559,140.402354362896 -20.5133602843809,140.947154167584 -21.009209893756,141.063243034771 -21.1318905578184,141.151133659771 -21.2733700500059,141.199351433209 -21.4464657531309,141.208872917584 -21.5571835265684,141.203990105084 -21.6172421203184,141.183848503521 -21.6599667296934)))
28	Macdonnell Ranges	ne_mountains	mountain_range_5	300386831;300008795	AU	MULTIPOLYGON(((135.494761589459 -23.0833065734434,135.531993034771 -23.2192929015684,135.457286003521 -23.3519833312559,135.329600456646 -23.4663632140685,135.208018425396 -23.5470516906309,134.962168816021 -23.6746151671934,134.701670769146 -23.7719052062559,134.436289909771 -23.8198788390685,134.156016472271 -23.8287899718809,132.619639519146 -23.7852108703184,130.843760612896 -23.5957577453184,130.591563347271 -23.5123837218809,130.510630730084 -23.4678280578184,130.437876823834 -23.4148495421934,130.307505730084 -23.2887509093809,130.272471550396 -23.2357723937559,130.255137566021 -23.1763241515684,130.251597526959 -23.111504815631,130.258311394146 -23.0422909484434,130.289927605084 -22.9695370421934,130.348521355084 -22.9457333312559,130.965830925396 -23.009454034381,131.718760612896 -23.1462948546934,131.973765495709 -23.1630184875059,133.601328972271 -23.1574032531309,134.066416862896 -23.108819268756,134.867808464459 -22.9514706359435,135.061534050396 -22.9381649718809,135.181407097271 -22.9426815734434,135.297373894146 -22.9625790343809,135.403575066021 -23.0066464171934,135.494761589459 -23.0833065734434)))
29	Darling Range	ne_mountains	mountain_range_5	300386831;300008795	AU	MULTIPOLYGON(((116.116587761334 -33.8828671203185,115.987315300396 -33.9010555968809,115.878184441021 -33.8377011046934,115.829234245709 -33.704522393756,115.818980339459 -33.546319268756,115.838877800396 -33.291680596881,115.896983269146 -32.9474423156309,115.902598503521 -32.8595516906309,115.878550651959 -31.7488339171935,115.902354362896 -30.9078915343809,115.890025261334 -30.6277401671934,115.849619987896 -30.351983331256,115.814585808209 -30.2172177062559,115.767100456646 -30.0862362609434,115.652842644146 -29.8474667296934,115.616709831646 -29.7251522765684,115.617442253521 -29.5885555968809,115.647715691021 -29.514092706256,115.707286003521 -29.4247372375059,115.779185417584 -29.3460018859434,115.846568230084 -29.3036434875059,115.911143425396 -29.3024227843809,115.974619987896 -29.3251278625059,116.084239128521 -29.4008114562559,116.185435417584 -29.4940731750059,116.281138542584 -29.6047909484434,116.362315300396 -29.7261288390684,116.419688347271 -29.851495050006,116.518809441021 -30.1440975890684,116.571910026959 -30.439141534381,116.700938347271 -31.5068905578185,116.725108269146 -32.2816708312559,116.693858269146 -32.6270077453184,116.618052605084 -32.9605038390684,116.509654167584 -33.286065362506,116.380381706646 -33.607354425006,116.318369987896 -33.7174618468809,116.228648308209 -33.8154843078184,116.116587761334 -33.8828671203185)))
30	Hamersley Range	ne_mountains	mountain_range_5	300386831;300008795	AU	MULTIPOLYGON(((118.714010496459 -22.341857465745,119.462290886334 -22.6008846984434,119.529795769146 -22.644707940631,119.575694206646 -22.693536065631,119.615977409771 -22.7595761046934,119.630625847271 -22.8292782531309,119.599131706646 -22.8892147765685,119.555186394146 -22.9099667296934,119.502329948834 -22.915704034381,119.311167839459 -22.9142391906309,119.210337761334 -22.8992245421935,118.689219597271 -22.7234432921935,118.271250847271 -22.6248104796934,118.030528191021 -22.5118954406309,117.904917839459 -22.479913018756,117.352549675396 -22.406182550006,117.207163933209 -22.3716366515685,117.068614128521 -22.3257382140684,116.308726433209 -22.0283749328184,116.226084831646 -21.9507382140684,116.176402214459 -21.8265927062559,116.184336784771 -21.7067196593809,116.275035026959 -21.6417782531309,116.308360222271 -21.6406796203185,116.425913933209 -21.6534970031309,116.486094597271 -21.6812069640685,116.575450066021 -21.6801083312559,116.775889519146 -21.7197811828184,116.895518425396 -21.7540829406309,117.128672722271 -21.8543026671935,117.250254753521 -21.8915341125059,117.534556511334 -21.9556210265684,118.081919792584 -22.118829034381,118.352183464459 -22.224786065631,118.354991081646 -22.2349179015685,118.344859245709 -22.2419979796934,118.378062370709 -22.2585995421934,118.529307487896 -22.289727471881,118.714010496459 -22.341857465745)))
31	Owen Stanley Range	ne_mountains	mountain_range_5	300386831;300008795	PG	MULTIPOLYGON(((149.833994987896 -10.2382138000059,149.725596550396 -10.2405331359434,149.426280144146 -10.1993954406309,149.237071159771 -10.1497128234434,149.065806511334 -10.0901425109434,148.385020378521 -9.79998137813092,148.051524284771 -9.63335540156839,147.690440300396 -9.41607024531845,147.538584831646 -9.33648040156841,147.498057487896 -9.29753997188088,147.460826042584 -9.22002532344339,147.389414909771 -9.15178801875594,147.360362175396 -9.11065032344341,147.283946159771 -8.97612883906844,147.188975456646 -8.83330657344339,147.159434441021 -8.77263762813088,147.125498894146 -8.75347258906838,146.922373894146 -8.51470305781841,146.868296745709 -8.42449309688091,146.801768425396 -8.27959563594338,146.752574089459 -8.12810637813092,146.742198112896 -8.05889251094345,146.740367058209 -7.75249602656838,146.751231316021 -7.70562102656842,146.775035026959 -7.66533782344338,146.812022331646 -7.63945891719344,146.911143425396 -7.61443450313091,146.958628776959 -7.60955169063089,147.043711784771 -7.62456633906842,147.104258659771 -7.67583587031839,147.212901237896 -7.81218840938087,147.465586784771 -8.04290130000589,147.739512566021 -8.39885833125594,147.999766472271 -8.69597747188089,148.124766472271 -8.86028411250588,148.287119987896 -9.03154876094345,148.915293816021 -9.44487883906837,149.031016472271 -9.53521087031839,149.534922722271 -9.77507903438091,149.611094597271 -9.83220794063091,149.674571159771 -9.89470794063094,149.711192253521 -9.94341399531842,149.819102409771 -10.0203182921935,149.851817253521 -10.0531552062559,149.887095573834 -10.1083309875059,149.902964714459 -10.1641171203184,149.888926628521 -10.2107479796934,149.833994987896 -10.2382138000059)))
32	Maoke Mountains	ne_mountains	mountain_range_5	300386831;300008795	ID	MULTIPOLYGON(((140.505923822823 -4.82117904146703,140.470469597271 -4.82891204219338,140.365977409771 -4.82805755000588,140.122202995709 -4.79216887813094,139.643077019146 -4.67766692500588,139.307749870709 -4.61614348750588,138.731211784771 -4.56182219844341,138.386241081646 -4.48345305781844,136.633311394146 -4.28472258906845,135.829112175396 -4.26604583125587,135.729502800396 -4.24736907344338,135.637461784771 -4.21343352656839,135.554576042584 -4.16191985469338,135.484629753521 -4.08074309688095,135.458994987896 -3.98858001094342,135.479991081646 -3.89751555781844,135.550547722271 -3.81975676875589,135.741709831646 -3.67681243281841,135.822276237896 -3.59600188594338,135.971446159771 -3.38774993281841,136.037242058209 -3.31707122188089,136.294810417584 -3.09783294063091,136.426890495709 -3.00969817500589,136.523203972271 -2.92339446406839,136.570567253521 -2.89653899531844,136.635020378521 -2.89299895625592,136.689952019146 -2.90715911250588,136.844248894146 -2.98381926875595,136.907969597271 -3.02715422969339,137.009654167584 -3.13384368281837,137.068858269146 -3.17400481563088,137.202403191021 -3.20720794063089,138.447032097271 -3.24285247188088,138.748057487896 -3.28948333125587,139.036997917584 -3.37395598750594,139.781260612896 -3.65239837031841,140.210703972271 -3.87200286250588,140.427744987896 -4.00872161250594,140.608653191021 -4.19024016719338,140.712046745709 -4.41191985469342,140.696421745709 -4.66863372188091,140.644297722271 -4.75713469844341,140.566172722271 -4.80803801875589,140.505923822823 -4.82117904146703)))
33	Barisan Mountains	ne_mountains	mountain_range_5	300386831;300008795	ID	MULTIPOLYGON(((104.744883659771 -5.28142669063088,104.657115105084 -5.29692962031842,104.540293816021 -5.29070403438089,104.426158073834 -5.27642180781842,104.318492058209 -5.25286223750592,104.212901237896 -5.21856047969345,103.859507683209 -5.06084563594338,103.792002800396 -5.01848723750595,103.695811394146 -4.91399505000589,103.218272331646 -4.45378997188092,103.137217644146 -4.40300872188088,103.016612175396 -4.34905364375591,102.955943230084 -4.29473235469344,102.896250847271 -4.20537688594345,102.619273308209 -4.02373626094339,102.559825066021 -3.95623137813091,102.516245964459 -3.88079192500589,102.443369987896 -3.71978118281837,102.376841667584 -3.61882903438091,101.817271355084 -3.05913665156842,101.334971550396 -2.41240813594339,100.596934441021 -1.25957610469345,100.506846550396 -1.09368255000591,100.160288933209 -0.32146575313088,100.077036980084 -0.103997491412187,100.043223503521 0.13629791874412,100.043223503521 0.217230535931591,100.052012566021 0.306586004681591,100.083018425396 0.384405828900341,100.150157097271 0.430853582806591,100.236582878521 0.424261785931577,100.324473503521 0.375555731244106,100.404551628521 0.308111883587841,100.577647331646 0.119452215619063,100.641245964459 0.035895086712799,100.909312370709 -0.39556243281838,101.026499870709 -0.654351495318423,101.066538933209 -0.716973565630894,101.599986198834 -1.40630462031841,101.747447136334 -1.65435149531841,101.966563347271 -2.08525969844344,102.038951042584 -2.19036223750595,102.684825066021 -2.91899993281839,103.278452995709 -3.47747161250589,103.475596550396 -3.62420012813094,103.626109245709 -3.77349212031839,103.738658073834 -3.83806731563089,103.825816276959 -3.90337493281838,104.036143425396 -4.18279387813088,104.516978386334 -4.59758880000591,104.729624870709 -4.83916594844342,104.818858269146 -5.11834075313095,104.800181511334 -5.22759368281842,104.744883659771 -5.28142669063088)))
34	Hentiyn Mountains	ne_mountains	mountain_range_5	300386831;300008795	MN;RU	MULTIPOLYGON(((112.220225456646 48.1120059265566,111.790660026959 47.8250796570253,111.571421745709 47.6258609070253,111.526377800396 47.601629949994,111.424204948834 47.5723941101503,110.600596550396 47.4740664734316,110.399912956646 47.3826358093691,110.107310417584 47.1590029968691,109.974864128521 47.0958926453065,109.351817253521 47.007879949994,109.203257683209 47.0123965515566,109.136851433209 47.0243594421816,109.067393425396 47.0492617859315,108.942759636334 47.1309878601503,108.611216667584 47.4674746765566,108.484751823834 47.5189883484316,108.244029167584 47.6637637390566,108.114146355084 47.7121646179628,106.941661003521 47.7005069031191,106.863047722271 47.7166201843691,106.720225456646 47.7781436218691,106.454966667584 47.9422061218691,106.324595573834 47.9960391296816,106.203257683209 48.0117251648378,105.957041862896 48.0083071960878,105.826670769146 48.0260073914004,105.776621941021 48.0443789734316,105.740367058209 48.0688540710878,105.713877800396 48.0997988953066,105.541514519146 48.5286319031191,105.525279167584 48.6544863953065,105.532237175396 48.715155340619,105.552256706646 48.7726504578065,105.589488151959 48.8263003601504,105.640269401959 48.8695742859316,106.026866081646 49.028143621869,106.401744011334 49.296698309369,106.700938347271 49.6404483093691,106.991465691021 50.1535708679628,107.055674675396 50.2262027039004,107.129527214459 50.287176824994,107.456675651959 50.4617984070253,107.812266472271 50.5717227234316,108.552989128521 50.6425235046815,108.790415886334 50.6122500671816,110.553477409771 49.7415225281191,112.122080925396 49.6298281921816,112.231700066021 49.597479559369,112.332163933209 49.5426699890566,112.421153191021 49.459784246869,112.478160026959 49.3794619812441,112.512461784771 49.3035342468691,112.526866081646 49.2306582703066,112.523692253521 49.1597354187441,112.505869987896 49.0894229187441,112.352549675396 48.7929751648378,112.333750847271 48.7149722351503,112.329478386334 48.3184878601504,112.308848503521 48.2387149109316,112.273203972271 48.1728579773379,112.220225456646 48.1120059265566)))
35	Bureinskiy Range	ne_mountains	mountain_range_5	300386831;300008795	RU	MULTIPOLYGON(((133.335215691021 50.3922793640565,133.223033073834 50.3649966492128,133.112559441021 50.4257266296816,133.056407097271 50.5279605164004,133.034190300396 50.6580874695253,133.046519401959 50.7927920593691,133.093150261334 50.9088809265565,133.138194206646 50.9608218445254,133.196055534771 51.0058047546816,133.387461784771 51.1280581726503,133.575083855084 51.2919375671816,133.685679558209 51.3638980164003,133.927256706646 51.4663150085878,134.038828972271 51.530585028119,134.327647331646 51.7553164734316,134.430552605084 51.8207461609316,134.611582878521 51.9147403015566,134.797251823834 51.9961001648378,134.987803581646 52.063299871869,135.183726433209 52.1149966492128,135.534190300396 52.1839053406191,135.710826042584 52.1872622742129,135.885996941021 52.146551824994,135.977183464459 52.0645816101503,135.949595573834 51.9664981140565,135.859873894146 51.8723208679628,135.765391472271 51.8023135437441,135.043833855084 51.3737857117129,134.291026237896 51.0297305359316,134.205088737896 50.9802920593691,133.964366081646 50.8025576843691,133.548472526959 50.5454776062441,133.335215691021 50.3922793640565)))
36	Yam Alin' Range	ne_mountains	mountain_range_5	300386831;300008795	RU	MULTIPOLYGON(((135.180064323834 52.2675235046816,135.052500847271 52.2655703796815,134.712657097271 52.3195254578066,134.600230339459 52.3533389343691,134.509532097271 52.4107119812441,134.444834831646 52.4793154968691,134.381602409771 52.5602481140566,134.330943230084 52.6482608093691,134.304453972271 52.7381045593691,134.298960808209 52.9959780945254,134.284556511334 53.0852725281191,134.166026237896 53.4826113953066,134.152354362896 53.6225650085878,134.154795769146 53.9810244812441,134.175425651959 54.0897891296816,134.193858269146 54.1397769226503,134.237803581646 54.2164981140566,134.297618034771 54.2802188171815,134.373789909771 54.3283755554628,134.466441276959 54.3583438171816,134.589366081646 54.3739688171815,134.727793816021 54.3734195007753,134.862803581646 54.350409246869,134.975474480084 54.2985903992129,135.049937370709 54.2219912781191,135.098155144146 54.1282412781191,135.290660026959 53.5606753601503,135.337168816021 53.2992617859315,135.423350456646 53.1118838562441,135.492930534771 52.8131778015565,135.548228386334 52.6878115906191,135.559825066021 52.6293399109316,135.548228386334 52.5524356140565,135.526988151959 52.4945132507754,135.460459831646 52.3944155945253,135.414317253521 52.3533389343691,135.303477409771 52.2947451843691,135.180064323834 52.2675235046816)))
37	Chukchi Range	ne_mountains	mountain_range_5	300386831;300008795	RU	MULTIPOLYGON(((173.017344597271 69.6746279968691,173.312510612896 69.6796328796816,173.411387566021 69.6743838562441,173.677867058209 69.6311709656191,175.387950066021 69.1823184265565,175.887827995709 69.1098086609316,176.069346550396 69.0562197937441,176.239268425396 69.0587222351503,176.274668816021 69.047674871869,176.353770378521 69.0024478210879,176.588023308209 68.9608218445253,177.308604362896 68.8942324890565,177.498667839459 68.8570010437441,177.689585808209 68.8020694031191,178.853526237896 68.3908755554628,179.110972526959 68.2786929382754,179.146739128521 68.2254702820254,179.167002800396 68.2096011414003,179.446421745709 68.1253726257753,179.520884636334 68.0944278015566,179.590098503521 68.0520694031191,179.705454948834 67.9335391296816,180 67.5469561581006,179.997691276959 66.8839175476503,179.714610222271 66.8117739929628,179.471934441021 66.7680728210879,179.260630730084 66.7606265320254,177.763682487896 67.0248477234316,177.282359245709 67.1571109070253,175.179698112896 67.9165103210878,173.470347526959 68.725897528119,173.294932487896 68.7850405945253,172.730357292584 68.8948428406191,172.146372917584 69.0684878601503,171.963145378521 69.1457583679629,171.802256706646 69.266913153119,171.658702019146 69.4569766296815,171.601939323834 69.6643740906191,171.701182487896 69.8379580749941,171.783457878521 69.8693911804628,171.882212761334 69.8747622742129,172.640635612896 69.7806460632754,172.737071159771 69.7618472351504,172.921275261334 69.6945254578066,173.017344597271 69.6746279968691)))
38	Suntar-Khayata Range	ne_mountains	mountain_range_5	300386831;300008795	RU	MULTIPOLYGON(((144.779551628521 61.0008609070253,144.563243034771 60.9809024109316,143.666514519146 60.9990298523379,143.314952019146 61.0438296570254,142.644541862896 61.2269961609316,142.166026237896 61.3280703796816,141.804209831646 61.4305484070254,141.448374870709 61.5529238953066,139.904063347271 62.2010562195253,139.689463737896 62.3128115906191,139.609629753521 62.3708560242129,139.544200066021 62.445868231244,139.500987175396 62.5342471374941,139.480845573834 62.6290347351504,139.483897331646 62.7255313171816,139.510264519146 62.8185488953065,139.602061394146 62.9823062195253,139.665171745709 63.0604312195253,139.730113151959 63.1096255554628,139.808726433209 63.1256167664004,139.904429558209 63.1225650085879,140.387827995709 63.0494448914003,140.579234245709 62.9722354187441,140.671641472271 62.9439761414003,141.081309441021 62.8568179382753,142.037486198834 62.5546328796816,143.206065300396 62.2588565124941,144.240733269146 61.9315860046816,144.407847526959 61.8491885437441,144.583018425396 61.8025576843691,144.763438347271 61.7697207703066,144.937510612896 61.7189395203066,145.093638542584 61.6187197937441,145.163584831646 61.5208194031191,145.190440300396 61.4086978210879,145.176768425396 61.2924258484316,145.125498894146 61.1821353210879,144.979502800396 61.0606753601503,144.779551628521 61.0008609070253)))
39	Dzhugdzhur Range	ne_mountains	mountain_range_5	300386831;300008795	RU	MULTIPOLYGON(((134.958384636334 55.2280337585879,134.818003776959 55.2208926453066,134.367076042584 55.2256533874941,134.266245964459 55.2372500671816,134.084971550396 55.2977969421816,133.935191276959 55.4032656921815,133.834361198834 55.5512149109316,133.799693230084 55.7393252624941,133.816172722271 55.9128482117128,133.843760612896 55.9943301453066,133.892832878521 56.0669009460879,134.015147331646 56.1489932312441,134.310069206646 56.2249820007753,134.447398308209 56.2857119812441,134.580943230084 56.3614566101503,134.712412956646 56.4108340515566,135.091807487896 56.4973208679628,135.274424675396 56.523260809369,135.362803581646 56.5505435242128,135.626963737896 56.6565615906191,135.762217644146 56.6989199890565,136.076304558209 56.7658145203066,136.235118034771 56.8234317078066,136.384410026959 56.901678778119,136.529063347271 57.0007998718691,136.916880730084 57.3076236023379,139.010996941021 58.6683413757754,139.193492058209 58.7680117859315,139.384287956646 58.8506533874941,139.854014519146 59.0164859070253,139.996104362896 59.0377871765566,140.117442253521 58.989081121869,140.206309441021 58.8100039734316,140.209483269146 58.5706240906191,140.152354362896 58.3295352234316,140.060191276959 58.1455142273379,139.853648308209 57.9234072937441,139.610362175396 57.7343203796815,138.377207878521 56.9464785828066,137.940440300396 56.5398623718691,137.697398308209 56.3574282898378,137.618418816021 56.3114688171816,137.362315300396 56.199286199994,137.052012566021 55.9887759460879,136.931407097271 55.9304873718691,136.804209831646 55.8834292664003,136.485118034771 55.7843692078066,136.308604362896 55.7146060242129,135.942271355084 55.5376651062441,135.698741081646 55.3726870789003,135.612559441021 55.328680731244,135.521128776959 55.3018252624941,134.958384636334 55.2280337585879)))
40	Momskiy Mountains	ne_mountains	mountain_range_5	300386831;300008795	RU	MULTIPOLYGON(((149.453990105084 64.6655947937441,149.385996941021 64.6602236999941,149.243662956646 64.7210757507753,149.152720573834 64.7348086609316,148.867442253521 64.7433535828065,148.671641472271 64.7692935242128,148.480357292584 64.8120791687441,148.293223503521 64.8737246765565,148.109385612896 64.9563662781191,146.801890495709 65.6962954773378,146.557139519146 65.8120791687441,146.302256706646 65.8798892273378,144.444346550396 66.1619326843691,143.809458855084 66.3349063171816,143.222300651959 66.6312320007754,142.861949089459 66.8618838562441,142.709971550396 67.0149600281191,142.651988151959 67.2016055359316,142.753550651959 67.3729922546816,142.979502800396 67.4254824890566,143.240855339459 67.4130313171816,143.448008659771 67.3899600281191,144.205332878521 67.3641421570253,144.563853386334 67.3363711609316,144.919200066021 67.2625186218691,147.136729362896 66.5767276062441,148.410777214459 66.0266177429628,148.783457878521 65.8327700867128,149.145884636334 65.5966250671816,149.363291862896 65.4039981140566,149.589121941021 65.125311590619,149.670420769146 64.8495547546816,149.453990105084 64.6655947937441)))
41	Central Bruhui Range	ne_mountains	mountain_range_5	300386831;300008795	PK	MULTIPOLYGON(((66.8952742847712 28.5554263367128,66.5437117847713 28.494208074994,66.4495955738338 28.5053164734316,66.3676863941462 28.5622622742129,66.3053084644588 28.7312075867128,66.3148299488338 28.9468447937441,66.3629256519587 29.1644961609316,66.4162703785212 29.3393008484316,66.4914656910213 29.5354678406191,66.5833846363338 29.7240054382754,66.7943221363338 30.0872866882754,66.9325057300838 30.2888247742128,67.0777694019588 30.4130923523378,67.2360945972713 30.4138247742129,67.4350692066462 30.2243106140566,67.5085555347713 30.1819522156191,67.5885115894587 30.0081240906191,67.6081649097712 29.7951113953065,67.5876570972712 29.5788028015566,67.4659529957087 29.0744082703065,67.4128524097712 28.9130313171816,67.3389998707087 28.7759463562441,67.2177840503963 28.6669375671816,67.0631209644587 28.5976016296816,66.8952742847712 28.5554263367128)))
42	Karatau Range	ne_mountains	mountain_range_5	300386831;300008795	KZ	MULTIPOLYGON(((70.6785994800837 42.5750796570254,70.5919295582087 42.5661074890566,70.5062361988338 42.5752627624941,70.2587996753962 42.6386172546815,70.0262557300838 42.6684634460878,69.9229842457087 42.6996524109315,69.8255721363338 42.7502505554629,69.6522322925837 42.8828799499941,69.5880233082088 42.9552676453066,69.4804793628962 43.1049258484316,69.4051619800837 43.1671817078066,69.0975447925838 43.3494937195253,69.0171004566462 43.3810488953065,68.7794295582087 43.4323184265566,68.5549422535212 43.5105044617128,67.4216414722713 44.0746524109315,67.1937361988338 44.2110049499941,66.9886580738337 44.3721987976503,66.8015242847712 44.5322329773378,66.7028914722713 44.5994326843691,66.3619490894588 44.7851016296816,66.2646590503963 44.8689028992128,66.1977645191462 44.9782168640566,66.1892195972713 45.0683047546815,66.2356063160212 45.1253726257754,66.3195906910213 45.160223699994,66.5041610035212 45.1981875671815,66.5780135425837 45.1991641296816,66.7705184253962 45.1399600281191,66.9377547535213 45.0373599304629,67.0986434253963 44.9198672546816,68.2157088550838 44.2553775085878,68.6619979175838 44.0499942078066,69.5805770191463 43.7149111999941,70.0305281910213 43.5160586609316,70.4351912769588 43.2672793640565,70.6359969410212 43.1322085632754,70.8510848316463 43.0203921570253,70.9536238941462 42.9940860046816,71.1594344410212 42.9884707703066,71.2577010425838 42.9692446960879,71.3061629566463 42.9456240906191,71.3313094410212 42.9171206726503,71.3343611988337 42.8815371765566,71.3162947925837 42.8367373718691,71.2546492847713 42.7731387390566,71.1800643238337 42.7525088562441,71.0188094410213 42.7424380554629,70.9279891285212 42.7069155945253,70.7646590503963 42.6087710632753,70.6785994800837 42.5750796570254)))
43	Arvalli Range	ne_mountains	mountain_range_5	300386831;300008795	IN	MULTIPOLYGON(((72.6565047535212 24.6272036804629,72.4564315113337 24.5999820007753,72.3530379566462 24.6046817078066,72.3081160816462 24.6183535828066,72.2707625660212 24.6423403992128,72.2226668628962 24.7008731140565,72.1302596363337 24.8719546570253,72.1059676441462 24.9444033874941,72.0988875660212 25.0020205749941,72.1095076832087 25.1149966492129,72.1480819019588 25.2221133484316,72.2072860035213 25.3197695984316,72.5028182300838 25.6223819031191,72.5500594410213 25.6948306335879,72.5697127613337 25.7456118835878,72.6020613941462 26.0111758484316,72.6316024097712 26.0820376648379,72.6550399097713 26.1131045593691,72.6855574878963 26.1413638367129,73.0669051441462 26.355292059369,73.5693465503963 26.8222720398379,74.0546981128962 27.100409246869,74.1357528003962 27.110419012494,74.1770125660213 27.0995547546815,74.4614363941462 26.9431216492129,74.4965926441463 26.9127871765566,74.5169783863338 26.880194403119,74.5247908863337 26.845770574994,74.5114852222712 26.7744204773379,74.4372664722713 26.6366641296816,74.4365340503962 26.6035830749941,74.4701033863337 26.4775454773379,74.4637557300837 26.4497134460878,74.1256209644588 26.0456607117128,74.0492049488338 25.9204165710878,73.3982039722712 25.2511050476504,73.0451766285213 25.0300967468691,72.8960067066462 24.8276431335878,72.8844100269588 24.8041445984315,72.8701278003962 24.7213809265565,72.8501082691462 24.6882998718691,72.8215438160213 24.6688296570253,72.6565047535212 24.6272036804629)))
44	Sulaiman Range	ne_mountains	mountain_range_5	300386831;300008795	AF;PK	MULTIPOLYGON(((70.4367781910213 33.4023501648379,70.5079451832088 33.3028018249941,70.5626326832087 33.195624090619,70.5804549488337 33.136297918744,70.5879012378962 33.0092227234316,70.5041610035212 32.4600283874941,70.3698836597712 32.1152407898378,70.3490096363337 31.9409243835879,70.3881942066462 31.6976992859316,70.6186629566463 30.9982363953066,70.6405135425838 30.1886660828066,70.6284285816462 30.1524111999941,70.6069442066463 30.1254946960878,70.5157576832088 30.0532901062441,70.4864608082087 30.0164248718691,70.2851668628963 29.4861514343691,70.2325545582087 29.3909976257754,70.2097274097713 29.2013613953066,70.1949569019588 29.1704776062441,70.1685897144587 29.1441714539004,70.0879012378962 29.0971133484315,70.0180770191462 29.0770938171815,69.9571639332087 29.0802676453066,69.9028426441463 29.1027896179629,69.8530379566463 29.1408145203066,69.5113631519588 29.5791690124941,69.4552108082087 29.700506903119,69.4305526050837 29.7965762390566,69.3834334644587 31.2668521179628,69.3581649097712 31.356268621869,69.3051863941463 32.2936465515565,69.2860213550837 32.3488223328066,69.2539168628962 32.3953921570253,69.0919295582088 32.5534732117129,69.0667830738337 32.6004702820253,69.0485945972712 32.7951724304628,69.0311385425837 32.8590152039003,68.9460555347712 33.0341861023378,68.9317733082087 33.087469793744,68.9250594410212 33.1505191101503,68.9320174488337 33.2147891296815,68.9522811207087 33.2783267273378,68.9762069019587 33.3208682312441,68.9865828785212 33.3279483093691,68.9942733082088 33.3221499695254,69.0472518238337 33.3842227234316,69.3681746753962 33.6392276062441,69.4666854175837 33.688299871869,69.6954451832087 33.7306582703066,69.9220076832088 33.718817449994,70.0374861988338 33.6861636414004,70.2548934253962 33.5710513367129,70.4367781910213 33.4023501648379)))
45	Central Makran	ne_mountains	mountain_range_5	300386831;300008795	IR;PK	MULTIPOLYGON(((64.3582869800838 26.1103579773379,64.0589705738337 26.1049258484316,63.8754988941463 26.1418521179629,63.3349715503963 26.3098819031191,63.1016951832088 26.3665835632753,62.9885360035212 26.4025943054628,62.8791610035212 26.4536196960878,62.6599227222712 26.5998599304628,62.5578719410212 26.6906192078065,62.4826766285213 26.7858950867128,62.4394637378963 27.0262515320254,62.5955916675838 27.1626651062441,62.8457137378962 27.2247988953066,63.7435408863338 27.2785098328066,64.0710555347712 27.334051824994,64.3834334644588 27.4334170593691,64.6901961597712 27.5813052429629,64.9773055347713 27.7541568054628,65.5236922535212 28.1505191101503,65.6478377613338 28.2257144226504,65.7822371753962 28.2669741882753,65.9232283863338 28.2704531921816,66.0671492847713 28.2322451843691,66.0557967457088 27.8800723328066,65.9686385425838 27.5600650085879,65.8214217457087 27.2595278992129,65.6296492847712 26.965643621869,65.5095320972713 26.8267886414003,65.3752547535213 26.715399481244,64.8464461597713 26.3361270203065,64.6141463550838 26.1958682312441,64.3582869800838 26.1103579773379)))
46	Kirthar Range	ne_mountains	mountain_range_5	300386831;300008795	PK	MULTIPOLYGON(((67.2739363941463 25.4287783874941,67.1345320972712 25.4005191101503,67.0061141285212 25.4414736999941,66.9666854175837 25.4918887390566,66.9410506519587 25.5632998718691,66.9251815113338 25.6392276062441,66.8768416675838 26.1308047546815,66.8449813160213 26.2667910828065,66.7826033863338 26.3983828796816,66.6147567066463 26.6319033874941,66.5400496753962 26.7612368835879,66.4718123707088 26.9461734070254,66.4275008472712 27.1372134460878,66.3448592457088 27.9146792664003,66.3480330738338 28.1152407898378,66.3942977222712 28.2899234070253,66.5476180347713 28.3301455749941,66.8228865894587 28.2708194031191,67.0981551441463 28.1618716492128,67.2518416675837 28.0529849304629,67.3067733082087 27.8644473328066,67.3076278003962 27.6470401062441,67.2887069019588 27.4259707703066,67.2848006519588 27.2264468445254,67.4843856128962 25.8540103210879,67.4600936207088 25.6159121765565,67.3928328785212 25.5070254578066,67.2739363941463 25.4287783874941)))
47	Lebanon Mountains	ne_mountains	mountain_range_5	300386831;300008795	LB;SY	MULTIPOLYGON(((35.4575366472728 33.2473121286485,35.4143172535212 33.2335879578065,35.3100692066462 33.3217837585879,35.3497420582087 33.5062930359316,35.4541121753963 33.7049014343691,35.5440779957087 33.8353945984316,35.8769637378963 34.1978213562441,35.9477645191462 34.304754949994,36.0219832691462 34.4419009460878,36.1101180347712 34.5602481140566,36.2221785816462 34.6108462585879,36.3075057300837 34.5809390320253,36.3497420582087 34.5065371765565,36.3576766285212 34.4114444031191,36.3400985035213 34.3195864929629,36.2973738941463 34.2181460632753,36.2425643238337 34.1217105164004,36.1222029957087 33.9357974304628,36.0285750660212 33.807684637494,35.5723983082087 33.3236148132753,35.4929305347713 33.2585513367129,35.4575366472728 33.2473121286485)))
48	Kopet Dag Mountains	ne_mountains	mountain_range_5	300386831;300008795	IR;TM	MULTIPOLYGON(((60.5942488941462 36.2121646179629,60.5561629566463 36.2014834656191,60.4652205738337 36.2105166687441,60.0410262378962 36.3164736999941,59.6361190113337 36.5121524109316,58.7741805347712 37.0549380554629,58.4942733082087 37.2706362976504,57.9159041675838 37.5380313171816,57.7899276050838 37.5791079773378,57.3502303394587 37.6469790710879,57.2038680347712 37.6914126648379,57.0492049488338 37.7559878601504,56.8953963550838 37.8319155945253,56.7583113941462 37.9268862976504,56.5677596363337 38.156073309369,56.4780379566463 38.2078921570254,56.2525740894587 38.2636782898378,56.1112166675837 38.3314273132754,55.9819442066463 38.430731512494,55.6214705738338 38.7448184265566,55.5200301441462 38.8671328796815,55.4626570972712 39.0114199890565,55.4796248707087 39.1856143249941,55.5808211597713 39.3277652039003,55.7304793628963 39.3858096374941,55.9027205738338 39.3833682312441,56.0726424488338 39.3438174499941,56.1630965503962 39.3126284851504,56.3408309253963 39.2336489929628,56.4240828785213 39.1863467468691,56.5011092457087 39.1272647156191,56.6796981128962 38.9236514343691,56.8101912769587 38.8068301453066,56.9504500660212 38.6980044617129,57.0970565113337 38.5982119812441,57.2469588550837 38.5084903015566,57.4090682300837 38.4260928406191,57.5761824878962 38.3612735046816,57.7497664722713 38.3183047546816,57.9314070972712 38.3015200867128,58.0709334644587 38.2979190124941,58.2066756519588 38.2699038757754,58.3597518238338 38.2027652039004,58.8109236988338 37.9452578796816,58.9482528003963 37.8475405945254,59.1867781910213 37.6107852234316,59.3160506519587 37.5024478210878,59.7935897144588 37.2068545593691,60.1989852222712 36.8913638367129,60.4090682300837 36.760077215619,60.5109969410212 36.6832949890566,60.5922957691463 36.5862490906191,60.6518660816462 36.4521548523378,60.6615096363337 36.4019229187441,60.6617537769587 36.3459536804629,60.6514998707087 36.2913272156191,60.6292830738337 36.2450625671816,60.5942488941462 36.2121646179629)))
49	Paropamisus Range	ne_mountains	mountain_range_5	300386831;300008795	AF;TM	MULTIPOLYGON(((61.8711043628963 35.3212344421816,62.0413924488338 35.240301824994,62.2605086597712 35.1751162781191,62.8833113941463 35.0460269226504,63.0822860035212 35.0330874695253,63.7498885425837 35.0479190124941,64.5251570972713 35.1661441101503,65.3769637378963 35.2362124695253,65.6991072925837 35.305731512494,65.7808944019587 35.3049380554629,66.0158797535212 35.2562930359316,66.4757186207088 35.2088687195253,66.5883895191462 35.1864688171816,66.6731063160213 35.1351382507753,66.6751815113337 34.9779116882754,66.5921736988338 34.8679263367128,66.4602156910212 34.7975528015566,66.3153182300838 34.7589785828065,65.7165633472712 34.6530825867129,65.4201766285213 34.5808779968691,65.1359969410213 34.4785830749941,64.8355819019588 34.3917910828066,64.5183211597712 34.3670718445254,63.3181258472712 34.3832461609316,63.1839705738337 34.3642642273378,62.9187117847713 34.3004824890566,62.7887069019588 34.2854678406191,62.6320906910212 34.3073794617129,62.4589949878962 34.3637149109316,62.1344100269588 34.4956118835878,61.9846297535212 34.5689761414004,61.8558455738338 34.6655337585878,61.7403670582087 34.7828433289003,61.5785018238338 34.9899356140566,61.5280867847712 35.0780093445253,61.5030623707088 35.1706607117129,61.5274764332088 35.2560488953066,61.5824080738338 35.2927310242129,61.6591903003963 35.303534246869,61.8230086597713 35.2971255554629,61.8711043628963 35.3212344421816)))
50	Al Hajar Mountains	ne_mountains	mountain_range_5	300386831;300008795	AE;OM	MULTIPOLYGON(((59.1233881101655 23.0612790389671,59.2927352222713 22.8282534851503,59.4285994800837 22.5501162781191,59.4383651050838 22.2723452820253,59.3792830738337 22.193182684369,59.2876082691462 22.2221133484316,59.1706649097713 22.3364321960878,59.0361434253962 22.5136172546815,58.8835555347712 22.654852606244,58.6905623707088 22.7381655945254,58.0463973316462 22.8765322937441,57.8178817066463 22.9058291687441,57.5893660816463 22.898993231244,57.3595076832087 22.8390567078066,57.2187606128963 22.7781436218691,57.0798445972713 22.7324282898378,56.9503279957088 22.7412783874941,56.8383895191462 22.844061590619,56.7797957691463 22.9637515320253,56.6945906910212 23.202460028119,56.6287947925837 23.3193423523379,56.5136824878962 23.4608828796816,56.2680770191463 23.7310244812441,56.1582137378963 23.8788516296816,56.0218611988337 24.0947329773378,55.9129744800837 24.3130557312441,55.8619490894587 24.5443179382754,55.8995467457088 24.7992617859316,55.9394637378962 24.8834292664003,56.0349227222712 25.0315005554628,56.0673934253963 25.1171939148379,56.0865584644588 25.2341983093691,56.0937606128962 25.3524844421816,56.0766707691463 25.7412173523379,56.0780135425837 25.8623721374941,56.0998641285212 25.9530703796816,56.1463729175838 26.0358340515566,56.2212020191462 26.1328799499941,56.2725936207087 26.1576602234316,56.3181258472713 26.1245791687441,56.3512069019588 26.0665347351503,56.3652449878963 26.0162417664004,56.3595076832088 25.938544012494,56.3192244800837 25.7732608093691,56.3082381519587 25.6927554382754,56.3144637378962 25.6204898132753,56.3643904957088 25.414129949994,56.3590194019588 25.0777652039003,56.3797713550837 24.9256655945253,56.4638778003962 24.7700869812441,56.7133895191462 24.4533145203066,56.8471785816462 24.3060366882753,57.0539656910213 24.1217715515566,57.1877547535212 23.9730899109316,57.3805037769588 23.8482119812441,57.6040145191462 23.7724673523378,58.5699569019588 23.5850283874941,58.7434188160213 23.541571356244,58.8255721363337 23.5061709656191,58.8653670582087 23.4616153015566,58.9348250660213 23.3207461609316,59.1233881101655 23.0612790389671)))
51	Tuwayq Mountains	ne_mountains	mountain_range_5	300386831;300008795	SA	MULTIPOLYGON(((45.9483748707087 20.3883731140566,45.7166854175838 20.3564517273379,45.5467635425838 20.4231021179628,45.4415389332087 20.6632754578066,45.5118514332088 21.1012637390566,45.9774276050838 22.4252993835878,46.1587020191462 23.1590029968691,46.1684676441463 23.7897403015566,46.0772811207088 24.2872378601504,45.8724471363338 24.8500430359316,45.8536483082088 25.0464541687441,45.9073592457088 25.2025820984316,46.0420028003963 25.3102481140566,46.2690535816463 25.2904116882754,46.5506697925837 25.1030337585878,46.8200789722712 24.7985903992129,47.0107528003963 24.4275576843691,47.0542098316462 23.8408267273379,46.9543563160212 22.9796817078065,46.7534285816463 22.0297305359315,46.4941512378963 21.1765811218691,46.2160750660212 20.6260440124941,45.9483748707087 20.3883731140566)))
52	Taurus Mountains	ne_mountains	mountain_range_5	300386831;300008795	TR	MULTIPOLYGON(((35.0553084644588 37.6919009460879,35.0452986988338 37.4828555359316,34.9902449878963 37.2630069031191,34.8343611988337 37.0260073914004,34.5345565113337 36.7530581726503,34.1251326832087 36.4941470398379,33.6407576832087 36.2990786804628,33.2193709644588 36.1688296570253,32.9181014332088 36.1029727234316,32.6504012378963 36.1496035828066,32.3298445972712 36.3569400085879,31.9768172535213 36.6181094421816,31.6887313160213 36.7979190124941,31.3490096363338 36.9789492859315,31.2888289722712 37.0533511414003,31.2718611988338 37.1603457703066,31.3274031910212 37.301581121869,31.4427596363338 37.4651553406191,31.5852156910212 37.6124331726504,31.7530623707087 37.7055117859316,31.9443465503962 37.7064273132753,32.4792586597712 37.5593936218691,32.8442488941462 37.5084903015566,33.2744246753962 37.5136172546816,33.5661727222712 37.549627996869,33.7970076832088 37.5941226257754,34.2382918628963 37.7064273132753,34.7663680347712 37.7743594421816,34.8745223316462 37.8028018249941,35.0036727222712 37.8214785828066,35.0553084644588 37.6919009460879)))
53	B√∂hmerwald	ne_mountains	mountain_range_5	300386831;300008795	AT;CZ;DE	MULTIPOLYGON(((14.0020858082088 48.4682681335878,13.9365340503962 48.4315860046816,13.8523055347713 48.4328677429628,13.7209578785213 48.4767520203066,13.4760848316462 48.6063296570253,12.5847274097713 49.1886660828066,12.4532576832088 49.3030459656191,12.3493758472713 49.4359805359316,12.3084822925838 49.5804507507753,12.3657332691462 49.7294375671816,12.4852401050837 49.7989566101504,12.6527205738338 49.8140322937441,12.8256942066462 49.7919375671815,12.9611922535213 49.7499453796816,13.0809432300838 49.6760318054629,13.6986190113338 49.2215640320253,14.0769149097712 48.8875186218691,14.1368514332088 48.8172061218691,14.1598006519587 48.727362371869,14.1413680347712 48.6303164734316,14.0769149097712 48.5383975281191,14.0020858082088 48.4682681335878)))
54	Transylvanian Alps	ne_mountains	mountain_range_5	300386831;300008795	RO;RS	MULTIPOLYGON(((26.1414901050838 45.0369326843691,25.6469832691462 45.0177066101504,25.2951766285212 45.0331485046816,25.0481063160213 45.0263736023378,23.8772078785213 44.8629214539004,23.6655379566462 44.8212954773378,23.4506942066462 44.755682684369,22.9818221363338 44.6533267273379,22.3346053394587 44.6248233093691,21.7898055347713 44.7692324890565,21.6279403003963 45.1857363953066,21.6753035816462 45.3118350281191,21.7563582691463 45.4202945007753,21.8645125660212 45.512518621869,21.9931746753962 45.5897891296816,22.1916610035213 45.6740786804628,22.3997908863338 45.736151434369,22.6002303394588 45.7794863953066,22.7762557300837 45.8075015320253,25.5573836597713 45.9568545593691,26.0450545582087 45.9413516296816,26.2490340503962 45.8950869812441,26.4567977222713 45.7926089539003,26.6258651050838 45.642401434369,26.7136336597713 45.4530703796816,26.5673934253962 45.1593081726503,26.1414901050838 45.0369326843691)))
55	Tatra Mountains	ne_mountains	mountain_range_5	300386831;300008795	CZ;PL;SK;UA	MULTIPOLYGON(((23.0218611988338 49.1788394226503,23.0561629566463 49.0122744812441,22.9875594410212 48.9129092468691,22.8545028003963 48.8692080749941,22.6949569019588 48.8698794617129,22.5409041675838 48.8966128601504,22.0981551441463 49.0172183289004,21.9217635425837 49.0513369812441,21.7441512378963 49.0663516296816,20.2605086597713 49.0954653992128,19.8946639332088 49.0706240906191,19.0798445972713 48.8786685242129,18.6585799488338 48.8202578796816,18.2839461597712 48.8891665710879,18.1836043628963 48.9520938171816,18.1052352222712 49.0336367859316,18.0485945972712 49.1296450867128,18.0131942066462 49.2361514343691,18.0008651050838 49.3165957703066,17.9991561207088 49.3988711609316,18.0080672535212 49.4813906921816,18.0273543628963 49.5626895203066,18.1478377613338 49.7877871765566,18.3243514332088 49.9123599304629,18.5432235035213 49.975897528119,18.7909041675838 50.0178897156191,19.3097029957088 50.0672061218691,19.7683211597713 50.0466983093691,21.5661727222713 49.849920965619,22.0180770191462 49.7479922546816,22.4814559253962 49.5564028992128,22.7840682300837 49.4002139343691,22.9255477222713 49.2997500671815,23.0218611988338 49.1788394226503)))
56	Pindus Mountains	ne_mountains	mountain_range_5	300386831;300008795	AL;GR;MK	MULTIPOLYGON(((21.6933699878963 38.4628360046816,21.5068465503963 38.4508731140566,21.3338729175838 38.4739444031191,21.1947127613338 38.5491397156191,21.0982772144588 38.6732852234316,20.9571639332088 38.9565493835879,20.8857528003962 39.0700747742128,20.8093367847713 39.1709048523378,20.7235213550838 39.2633731140565,20.4387313160213 39.5070864929629,20.2785750660212 39.6641909851504,20.1450301441463 39.8411319031191,20.0393172535213 40.0560977234316,19.9918319019588 40.1928164734316,19.9550887378962 40.3331362976503,19.9338485035213 40.4768130554629,19.9439803394588 40.9124209656191,19.9372664722713 41.1038272156191,19.9461776050838 41.1913516296816,19.9681502613337 41.2760073914003,20.0062361988338 41.3529116882753,20.0631209644587 41.4174258484316,20.1178084644588 41.4562442078065,20.1765242847712 41.4834658874941,20.2403670582088 41.4997012390566,20.3109236988338 41.5055606140565,20.4033309253963 41.4877993835879,20.4642440113337 41.4383609070253,21.0697127613338 40.2704531921815,21.2346297535212 40.0261904968691,21.4514266285213 39.8054873718691,21.7043563160213 39.593817449994,21.8193465503963 39.4782778992128,21.9207869800837 39.3465029968691,22.0267440113337 39.1715762390566,22.1082869800837 38.9763247742128,22.1208602222712 38.7810122742128,22.0195418628963 38.6059024109316,21.8715926441462 38.5133731140566,21.6933699878963 38.4628360046816)))
57	Calabria	ne_mountains	mountain_range_5	300386831;300008795	IT	MULTIPOLYGON(((16.7075301441462 40.088202215619,16.5736190113337 39.8590762390566,16.5553084644587 39.7721011414003,16.5947371753963 39.7017886414003,17.0390731128963 39.5036685242129,17.1416121753963 39.4328677429628,17.1784774097713 39.392401434369,17.2030135425838 39.3450991882753,17.2136336597712 39.2877261414003,17.2154647144587 39.2049014343691,17.2104598316463 39.1169497742129,17.1938582691463 39.0316836609316,17.1604110035213 38.9569155945254,17.1336776050838 38.9419619812441,17.0926619800838 38.8715274109316,17.0516463550838 38.8566348328065,16.9051619800838 38.8547427429628,16.8342391285213 38.845770574994,16.7102156910212 38.8159854187441,16.6533309253963 38.7952334656191,16.6041365894587 38.7648989929628,16.5775252613338 38.7226626648378,16.5771590503962 38.7008731140566,16.6095076832087 38.5808169617129,16.6123153003963 38.4918887390566,16.6019393238338 38.4308535828066,16.5594588550838 38.3837954773378,16.3571883472713 38.278143621869,16.2706404957087 38.2034976257753,16.2292586597712 38.1439273132754,16.2003279957088 38.0770938171815,16.1667586597713 37.9466006531191,16.1369735035213 37.9077822937441,16.0922957691463 37.8832461609316,16.0315047535213 37.8695132507753,15.6812850269587 37.8690860046816,15.6462508472713 37.8860537781191,15.6007186207088 37.9509951843691,15.5857039722713 38.0325991882753,15.5889998707088 38.1185977234316,15.6070662769588 38.2495181335878,15.6230574878963 38.2838198914004,15.6507674488337 38.3085391296816,15.7915145191462 38.3856875671816,15.8333846363337 38.4213320984316,15.8635360035212 38.4660098328065,15.8675643238338 38.5047061218691,15.8239852222713 38.6173159851504,15.8300887378963 38.6583926453066,15.8490096363338 38.6950747742128,15.8779403003962 38.7242495789004,15.9138289722713 38.7425601257754,16.0710555347712 38.7778384460879,16.1336776050838 38.816961981244,16.1562606128963 38.8936221374941,16.1421004566462 38.9346987976504,16.0770369800838 38.9950625671816,16.0495711597713 39.0286929382753,16.0322371753962 39.0686709656191,16.0101424488338 39.1577822937441,15.9978133472712 39.3010318054629,15.9694930347712 39.3967349304628,15.9484969410212 39.4292666687441,15.8659774097713 39.4984805359316,15.8022567066463 39.5699527039004,15.7570906910212 39.6628482117129,15.7308455738338 39.7638613953065,15.7233992847713 39.9377505554628,15.7304793628962 39.9767520203066,15.7515975269588 40.004950262494,15.7978621753963 40.0209414734316,15.9718123707088 40.0238711609316,16.1063338550837 40.0390078796815,16.2276717457088 40.0789859070253,16.4834090503962 40.200262762494,16.5383406910212 40.2144839539003,16.6109725269588 40.2178408874941,16.6798201832088 40.2041079773378,16.7233992847713 40.1672427429629,16.7246199878962 40.1312320007753,16.7075301441462 40.088202215619)))
58	Harz	ne_mountains	mountain_range_5	300386831;300008795	DE	MULTIPOLYGON(((11.3204451832088 51.3864199890566,11.0839949878962 51.2824160828066,10.7561141285212 51.2956607117129,9.97938073008376 51.4718692078066,9.69214928477126 51.6250064148378,9.58216393320873 51.8860537781191,9.61597740977129 52.0321109070253,9.71644127695873 52.1318423523379,9.89039147227123 52.1751162781191,10.1450301441462 52.1518008484315,10.9452010425838 52.0029361023378,11.3504744800837 51.8709170593691,11.5179549488338 51.6907412781191,11.4650985035212 51.5437686218691,11.3204451832088 51.3864199890566)))
59	Vosges	ne_mountains	mountain_range_5	300386831;300008795	DE;FR	MULTIPOLYGON(((7.14197838633373 47.8792178406191,6.88343346445871 47.8114688171816,6.65064537852123 47.8961856140566,6.52955162852123 48.0726992859316,6.52247155039623 48.3137271179629,6.63209069102126 48.5919863953066,6.86951744883373 48.9253604187441,7.54481041758373 49.6900088562441,7.67115319102129 49.7629458679628,7.85071862070879 49.8173281921816,8.02295983164629 49.8146426453065,8.12696373789626 49.7164370789003,8.15540612070876 49.5560366882753,8.13685143320873 49.3956362976504,8.06373131602123 49.2401797546816,7.92847740977123 49.0946719421816,7.60938561289623 48.8615176453066,7.50623619883376 48.7393252624941,7.45081627695876 48.3472354187441,7.33484948008376 48.0859439148378,7.14197838633373 47.8792178406191)))
60	Sudetes Mountains	ne_mountains	mountain_range_5	300386831;300008795	CZ;DE;PL	MULTIPOLYGON(((17.2829695972712 49.9101016296815,17.1624861988338 49.9016787781191,17.1128035816463 49.9124209656191,16.9937850269588 49.9479434265566,16.8498641285213 50.0132510437441,16.7258406910212 50.1133486999941,16.6082869800838 50.2363345398379,16.4497176441463 50.3630435242129,16.2440291675837 50.4872500671816,15.9851180347712 50.6027896179628,15.7531844410212 50.6811587585878,15.5415145191463 50.7279727234315,14.6590682300838 50.7964541687441,14.4388533863337 50.8293521179628,14.3005477222712 50.8845278992129,14.2255965503962 50.9732119812441,14.1936141285213 51.078924871869,14.1938582691463 51.186590887494,14.2397567066463 51.2702700867129,14.3446151050837 51.3039614929629,15.3731795582088 51.1666934265566,16.0785018238337 51.0192935242129,16.5803328785213 50.8409487976504,17.1756697925838 50.5036074890566,17.3877059253962 50.3535220398379,17.4931746753962 50.2059390320253,17.4842635425838 50.0709292664004,17.4022322925838 49.9694278015566,17.2829695972712 49.9101016296815)))
